zone,time_6h,temperature_2m,relative_humidity_2m,precipitation,wind_speed_10m,soil_moisture_0_to_7cm,soil_moisture_7_to_28cm,soil_temperature_0_to_7cm,et0_fao_evapotranspiration,precip_lag_6h,precip_lag_12h,precip_lag_24h,precip_lag_48h,temp_lag_24h,precip_roll_sum_24h,precip_roll_sum_48h,precip_roll_sum_72h,precip_roll_max_24h,humidity_roll_max_24h,et0_roll_sum_24h,api_7d,soil_saturation_index,soil_moisture_change_6h,soil_moisture_deficit,frozen_ground_flag,temp_trend_24h,et_deficit_6h,et_deficit_24h,humidity_precip_product,highland_precip_24h,zone_cascade_risk,hour_sin,hour_cos,doy_sin,doy_cos,is_winter,dq_score,is_flood,risk_score,flood_pred,risk_level
Moderate Relief,2026-09-07 00:00:00,23.566666666666666,76.0,0.0,8.95,0.1708333333333333,0.29616666666666663,22.3,0.13,0.0,0.0,0.0,0.0,0.0,0.0,0.0,0.0,0.0,76.0,0.13,0.0,0.23349999999999999,0.0,0.21650000000000003,0,0.0,-0.13,-0.13,0.0,0.0,0.0,0.0,1.0,-0.9175836260593934,-0.3975428142825566,0,1.0,0,0.0,0,LOW
Moderate Relief,2026-09-07 06:00:00,25.783333333333335,60.0,0.0,14.85,0.1695,0.29383333333333334,23.200000000000003,1.44,0.0,0.0,0.0,0.0,0.0,0.0,0.0,0.0,0.0,76.0,1.5699999999999998,0.0,0.2316666666666667,-0.0013333333333332975,0.21833333333333332,0,0.0,-1.44,-1.5699999999999998,0.0,0.0,0.0,1.0,6.123233995736766e-17,-0.9175836260593934,-0.3975428142825566,0,1.0,0,0.0,0,LOW
Moderate Relief,2026-09-07 12:00:00,28.28333333333333,55.833333333333336,0.0,38.93333333333333,0.1605,0.2913333333333333,27.716666666666672,2.97,0.0,0.0,0.0,0.0,0.0,0.0,0.0,0.0,0.0,76.0,4.54,0.0,0.22591666666666665,-0.009000000000000008,0.22408333333333336,0,0.0,-2.97,-4.54,0.0,0.0,0.0,1.2246467991473532e-16,-1.0,-0.9175836260593934,-0.3975428142825566,0,1.0,0,0.0,0,LOW
Moderate Relief,2026-09-07 18:00:00,19.8,70.16666666666667,0.1,48.75,0.16183333333333336,0.2891666666666666,22.083333333333332,0.8099999999999999,0.0,0.0,0.0,0.0,0.0,0.1,0.1,0.1,0.1,76.0,5.35,0.1,0.22549999999999998,0.001333333333333353,0.22450000000000003,0,0.0,-0.71,-5.25,7.0166666666666675,0.2,0.13333333333333333,-1.0,-1.8369701987210297e-16,-0.9175836260593934,-0.3975428142825566,0,1.0,0,0.0,0,LOW
Moderate Relief,2026-09-08 00:00:00,19.0,72.0,0.0,17.31666666666667,0.18033333333333335,0.2873333333333333,19.233333333333334,0.3,0.1,0.0,0.0,0.0,23.566666666666666,0.1,0.1,0.1,0.1,72.0,5.52,0.085,0.2338333333333333,0.01849999999999999,0.2161666666666667,0,-4.566666666666666,-0.3,-5.42,0.0,0.2,0.13333333333333333,0.0,1.0,-0.9242907221930934,-0.3816892202666586,0,1.0,0,0.0,0,LOW
Moderate Relief,2026-09-08 06:00:00,19.28333333333333,68.33333333333333,0.30000000000000004,11.4,0.1941666666666667,0.2856666666666666,19.45,0.5,0.0,0.1,0.0,0.0,25.783333333333335,0.4,0.4,0.4,0.30000000000000004,72.0,4.58,0.3722500000000001,0.23991666666666667,0.013833333333333364,0.21008333333333334,0,-6.5000000000000036,-0.19999999999999996,-4.18,20.5,0.30000000000000004,0.2,1.0,6.123233995736766e-17,-0.9242907221930934,-0.3816892202666586,0,1.0,0,0.0,0,LOW
Moderate Relief,2026-09-08 12:00:00,20.150000000000002,71.16666666666667,0.30000000000000004,13.833333333333334,0.17883333333333332,0.2838333333333333,22.63333333333333,0.9200000000000002,0.30000000000000004,0.0,0.0,0.0,28.28333333333333,0.7000000000000001,0.7000000000000001,0.7000000000000001,0.30000000000000004,72.0,2.5300000000000002,0.555,0.23133333333333334,-0.015333333333333393,0.21866666666666668,0,-8.13333333333333,-0.6200000000000001,-1.83,21.350000000000005,0.4,0.26666666666666666,1.2246467991473532e-16,-1.0,-0.9242907221930934,-0.3816892202666586,0,1.0,0,0.0,0,LOW
Moderate Relief,2026-09-08 18:00:00,18.73333333333333,79.5,0.0,14.716666666666669,0.1695,0.2821666666666667,20.116666666666664,0.25,0.30000000000000004,0.30000000000000004,0.1,0.0,19.8,0.6000000000000001,0.7000000000000001,0.7000000000000001,0.30000000000000004,79.5,1.9700000000000002,0.5239506250000001,0.22583333333333333,-0.009333333333333305,0.22416666666666668,0,-1.06666666666667,-0.25,-1.37,0.0,0.2,0.13333333333333333,-1.0,-1.8369701987210297e-16,-0.9242907221930934,-0.3816892202666586,0,1.0,0,0.0,0,LOW
Moderate Relief,2026-09-09 00:00:00,15.600000000000001,90.5,0.0,5.416666666666667,0.17216666666666666,0.2806666666666667,17.166666666666664,0.0,0.0,0.30000000000000004,0.0,0.0,19.0,0.6000000000000001,0.7000000000000001,0.7000000000000001,0.30000000000000004,90.5,1.6700000000000002,0.21675000000000005,0.22641666666666665,0.0026666666666666505,0.22358333333333336,0,-3.3999999999999986,0.0,-1.07,0.0,0.2,0.13333333333333333,0.0,1.0,-0.9307239310379793,-0.3657225234972692,0,1.0,0,0.0032102465629577637,0,LOW
Moderate Relief,2026-09-09 06:00:00,18.48333333333333,72.83333333333333,0.0,5.616666666666667,0.17299999999999996,0.2793333333333334,18.46666666666667,0.8600000000000001,0.0,0.0,0.30000000000000004,0.0,19.28333333333333,0.30000000000000004,0.7000000000000001,0.7000000000000001,0.30000000000000004,90.5,2.0300000000000002,0.15660187500000003,0.22616666666666668,0.0008333333333332971,0.22383333333333333,0,-0.8000000000000007,-0.8600000000000001,-1.7300000000000002,0.0,0.1,0.06666666666666667,1.0,6.123233995736766e-17,-0.9307239310379793,-0.3657225234972692,0,1.0,0,0.0,0,LOW
Moderate Relief,2026-09-09 12:00:00,23.45,58.0,0.0,16.650000000000002,0.15433333333333335,0.2775000000000001,23.91666666666667,1.9600000000000002,0.0,0.0,0.30000000000000004,0.0,20.150000000000002,0.0,0.7000000000000001,0.7000000000000001,0.0,90.5,3.0700000000000003,0.15660187500000003,0.2159166666666667,-0.01866666666666661,0.2340833333333333,0,3.299999999999997,-1.9600000000000002,-3.0700000000000003,0.0,0.0,0.0,1.2246467991473532e-16,-1.0,-0.9307239310379793,-0.3657225234972692,0,1.0,0,0.0,0,LOW
Moderate Relief,2026-09-09 18:00:00,21.2,70.5,0.0,8.15,0.1455,0.2755,20.883333333333333,0.26,0.0,0.0,0.0,0.1,18.73333333333333,0.0,0.6000000000000001,0.7000000000000001,0.0,90.5,3.08,0.0,0.21050000000000002,-0.00883333333333336,0.2395,0,2.4666666666666686,-0.26,-3.08,0.0,0.0,0.0,-1.0,-1.8369701987210297e-16,-0.9307239310379793,-0.3657225234972692,0,1.0,0,0.0,0,LOW
Moderate Relief,2026-09-10 00:00:00,19.95,80.83333333333333,0.0,7.416666666666667,0.14816666666666667,0.274,19.533333333333335,0.04,0.0,0.0,0.0,0.0,15.600000000000001,0.0,0.6000000000000001,0.7000000000000001,0.0,80.83333333333333,3.12,0.0,0.21108333333333335,0.0026666666666666783,0.23891666666666667,0,4.349999999999998,-0.04,-3.12,0.0,0.0,0.0,0.0,1.0,-0.9368813462954315,-0.34964745525122826,0,1.0,0,0.0,0,LOW
Moderate Relief,2026-09-10 06:00:00,20.383333333333333,82.0,0.0,15.566666666666665,0.14883333333333335,0.2725,20.28333333333333,0.47,0.0,0.0,0.0,0.30000000000000004,18.48333333333333,0.0,0.30000000000000004,0.7000000000000001,0.0,82.0,2.7300000000000004,0.0,0.21066666666666667,0.0006666666666666765,0.23933333333333334,0,1.9000000000000021,-0.47,-2.7300000000000004,0.0,0.0,0.0,1.0,6.123233995736766e-17,-0.9368813462954315,-0.34964745525122826,0,1.0,0,0.0,0,LOW
Moderate Relief,2026-09-10 12:00:00,21.53333333333333,73.16666666666667,0.30000000000000004,18.51666666666667,0.137,0.27099999999999996,24.7,0.9800000000000001,0.0,0.0,0.0,0.30000000000000004,23.45,0.30000000000000004,0.30000000000000004,1.0,0.30000000000000004,82.0,1.75,0.30000000000000004,0.204,-0.011833333333333335,0.24600000000000002,0,-1.9166666666666679,-0.68,-1.45,21.950000000000006,0.0,0.0,1.2246467991473532e-16,-1.0,-0.9368813462954315,-0.34964745525122826,0,1.0,0,0.0,0,LOW
Moderate Relief,2026-09-10 18:00:00,20.666666666666668,76.83333333333333,0.0,10.883333333333333,0.13,0.2695000000000001,22.016666666666666,0.24,0.30000000000000004,0.0,0.0,0.0,21.2,0.30000000000000004,0.30000000000000004,0.9000000000000001,0.30000000000000004,82.0,1.7300000000000002,0.255,0.19975000000000004,-0.007000000000000006,0.25025,0,-0.5333333333333314,-0.24,-1.4300000000000002,0.0,0.0,0.0,-1.0,-1.8369701987210297e-16,-0.9368813462954315,-0.34964745525122826,0,1.0,0,0.0,0,LOW
Moderate Relief,2026-09-11 00:00:00,17.566666666666666,93.33333333333333,0.0,4.683333333333334,0.1335,0.2675,19.400000000000002,0.0,0.0,0.30000000000000004,0.0,0.0,19.95,0.30000000000000004,0.30000000000000004,0.9000000000000001,0.30000000000000004,93.33333333333333,1.6900000000000002,0.21675000000000005,0.2005,0.003500000000000003,0.2495,0,-2.383333333333333,0.0,-1.3900000000000001,0.0,0.0,0.0,0.0,1.0,-0.9427611433904206,-0.33346877891818705,0,1.0,0,0.005138939246535301,0,LOW
Moderate Relief,2026-09-11 06:00:00,19.7,73.0,0.0,3.9166666666666665,0.1345,0.2665,20.900000000000002,0.86,0.0,0.0,0.0,0.0,20.383333333333333,0.30000000000000004,0.30000000000000004,0.6000000000000001,0.30000000000000004,93.33333333333333,2.08,0.0,0.2005,0.0010000000000000009,0.2495,0,-0.6833333333333336,-0.86,-1.78,0.0,0.0,0.0,1.0,6.123233995736766e-17,-0.9427611433904206,-0.33346877891818705,0,1.0,0,0.0,0,LOW
Moderate Relief,2026-09-11 12:00:00,26.566666666666663,38.333333333333336,0.0,9.833333333333332,0.1315,0.2645,26.45,2.7600000000000002,0.0,0.0,0.30000000000000004,0.0,21.53333333333333,0.0,0.30000000000000004,0.30000000000000004,0.0,93.33333333333333,3.8600000000000003,0.15660187500000003,0.198,-0.0030000000000000027,0.252,0,5.033333333333331,-2.7600000000000002,-3.8600000000000003,0.0,0.0,0.0,1.2246467991473532e-16,-1.0,-0.9427611433904206,-0.33346877891818705,0,1.0,0,0.0,0,LOW
Moderate Relief,2026-09-11 18:00:00,21.900000000000002,63.833333333333336,0.0,4.8999999999999995,0.12716666666666668,0.2635,23.150000000000002,0.25,0.0,0.0,0.0,0.0,20.666666666666668,0.0,0.30000000000000004,0.30000000000000004,0.0,93.33333333333333,3.87,0.0,0.19533333333333336,-0.004333333333333328,0.25466666666666665,0,1.2333333333333343,-0.25,-3.87,0.0,0.0,0.0,-1.0,-1.8369701987210297e-16,-0.9427611433904206,-0.33346877891818705,0,1.0,0,0.0,0,LOW
Moderate Relief,2026-09-12 00:00:00,18.36666666666667,90.5,0.0,2.433333333333333,0.1305,0.262,19.766666666666666,0.0,0.0,0.0,0.0,0.0,17.566666666666666,0.0,0.30000000000000004,0.30000000000000004,0.0,90.5,3.87,0.0,0.19625,0.003333333333333327,0.25375000000000003,0,0.8000000000000043,0.0,-3.87,0.0,0.0,0.0,0.0,1.0,-0.9483615800121716,-0.31719128858910595,0,1.0,0,0.011328550986945629,0,LOW
Moderate Relief,2026-09-12 06:00:00,20.76666666666667,77.83333333333333,0.0,9.383333333333333,0.134,0.2605,20.9,0.9900000000000001,0.0,0.0,0.0,0.0,19.7,0.0,0.30000000000000004,0.30000000000000004,0.0,90.5,4.0,0.0,0.19725,0.003500000000000003,0.25275000000000003,0,1.06666666666667,-0.9900000000000001,-4.0,0.0,0.0,0.0,1.0,6.123233995736766e-17,-0.9483615800121716,-0.31719128858910595,0,1.0,0,0.0,0,LOW
Moderate Relief,2026-09-12 12:00:00,25.766666666666662,57.666666666666664,0.0,22.400000000000002,0.12783333333333333,0.25933333333333336,25.75,2.4799999999999995,0.0,0.0,0.0,0.30000000000000004,26.566666666666663,0.0,0.0,0.30000000000000004,0.0,90.5,3.7199999999999998,0.0,0.19358333333333333,-0.006166666666666681,0.2564166666666667,0,-0.8000000000000007,-2.4799999999999995,-3.7199999999999998,0.0,0.0,0.0,1.2246467991473532e-16,-1.0,-0.9483615800121716,-0.31719128858910595,0,1.0,0,0.0,0,LOW
Moderate Relief,2026-09-12 18:00:00,22.183333333333334,71.66666666666667,0.0,14.450000000000003,0.12133333333333333,0.25816666666666666,22.616666666666664,0.41000000000000003,0.0,0.0,0.0,0.0,21.900000000000002,0.0,0.0,0.30000000000000004,0.0,90.5,3.88,0.0,0.18975,-0.006499999999999992,0.26025,0,0.28333333333333144,-0.41000000000000003,-3.88,0.0,0.0,0.0,-1.0,-1.8369701987210297e-16,-0.9483615800121716,-0.31719128858910595,0,1.0,0,0.0,0,LOW
Moderate Relief,2026-09-13 00:00:00,19.016666666666666,89.66666666666667,0.0,5.7,0.12316666666666666,0.25733333333333336,19.6,0.0,0.0,0.0,0.0,0.0,18.36666666666667,0.0,0.0,0.30000000000000004,0.0,89.66666666666667,3.88,0.0,0.19025,0.0018333333333333257,0.25975000000000004,0,0.649999999999995,0.0,-3.88,0.0,0.0,0.0,0.0,1.0,-0.9536809966304455,-0.300819807635668,0,1.0,0,0.021718023158609868,0,LOW
Moderate Relief,2026-09-13 06:00:00,22.049999999999997,78.33333333333333,0.0,15.016666666666666,0.12383333333333334,0.2555,22.05,0.9500000000000001,0.0,0.0,0.0,0.0,20.76666666666667,0.0,0.0,0.30000000000000004,0.0,89.66666666666667,3.84,0.0,0.18966666666666668,0.0006666666666666765,0.2603333333333333,0,1.2833333333333279,-0.9500000000000001,-3.84,0.0,0.0,0.0,1.0,6.123233995736766e-17,-0.9536809966304455,-0.300819807635668,0,1.0,0,0.0,0,LOW
Moderate Relief,2026-09-13 12:00:00,26.599999999999998,62.666666666666664,0.0,27.98333333333333,0.10366666666666667,0.25433333333333336,26.816666666666666,2.32,0.0,0.0,0.0,0.0,25.766666666666662,0.0,0.0,0.0,0.0,89.66666666666667,3.6799999999999997,0.0,0.17900000000000002,-0.020166666666666666,0.271,0,0.8333333333333357,-2.32,-3.6799999999999997,0.0,0.0,0.0,1.2246467991473532e-16,-1.0,-0.9536809966304455,-0.300819807635668,0,1.0,0,0.0,0,LOW
Moderate Relief,2026-09-13 18:00:00,22.916666666666668,80.83333333333333,0.0,15.233333333333333,0.09449999999999999,0.2525,23.766666666666666,0.31,0.0,0.0,0.0,0.0,22.183333333333334,0.0,0.0,0.0,0.0,89.66666666666667,3.58,0.0,0.1735,-0.009166666666666684,0.2765,0,0.7333333333333343,-0.31,-3.58,0.0,0.0,0.0,-1.0,-1.8369701987210297e-16,-0.9536809966304455,-0.300819807635668,0,1.0,0,0.0,0,LOW
Moderate Relief,2026-09-14 00:00:00,20.45,88.66666666666667,0.0,6.516666666666667,0.09716666666666667,0.2511666666666666,19.966666666666665,0.0,0.0,0.0,0.0,0.0,19.016666666666666,0.0,0.0,0.0,0.0,88.66666666666667,3.58,0.0,0.17416666666666664,0.0026666666666666783,0.2758333333333334,0,1.4333333333333336,0.0,-3.58,0.0,0.0,0.0,0.0,1.0,-0.9587178169872964,-0.2843591872810036,0,1.0,0,0.008901303634047508,0,LOW
Moderate Relief,2026-09-14 06:00:00,23.483333333333334,75.16666666666667,0.0,9.35,0.09766666666666667,0.25033333333333335,22.28333333333333,1.0999999999999999,0.0,0.0,0.0,0.0,22.049999999999997,0.0,0.0,0.0,0.0,88.66666666666667,3.7299999999999995,0.0,0.17400000000000002,0.0005000000000000004,0.276,0,1.4333333333333371,-1.0999999999999999,-3.7299999999999995,0.0,0.0,0.0,1.0,6.123233995736766e-17,-0.9587178169872964,-0.2843591872810036,0,1.0,0,0.0,0,LOW
Moderate Relief,2026-09-14 12:00:00,26.333333333333332,63.333333333333336,0.0,14.583333333333334,0.08016666666666668,0.24933333333333332,27.633333333333336,2.64,0.0,0.0,0.0,0.0,26.599999999999998,0.0,0.0,0.0,0.0,88.66666666666667,4.05,0.0,0.16475,-0.017499999999999988,0.28525,0,-0.2666666666666657,-2.64,-4.05,0.0,0.0,0.0,1.2246467991473532e-16,-1.0,-0.9587178169872964,-0.2843591872810036,0,1.0,0,0.0,0,LOW
Moderate Relief,2026-09-14 18:00:00,23.650000000000002,80.66666666666667,0.0,10.299999999999999,0.0725,0.24749999999999997,24.583333333333332,0.25,0.0,0.0,0.0,0.0,22.916666666666668,0.0,0.0,0.0,0.0,88.66666666666667,3.99,0.0,0.15999999999999998,-0.007666666666666683,0.29000000000000004,0,0.7333333333333343,-0.25,-3.99,0.0,0.0,0.0,-1.0,-1.8369701987210297e-16,-0.9587178169872964,-0.2843591872810036,0,1.0,0,0.0,0,LOW
Moderate Relief,2026-09-15 00:00:00,20.21666666666667,92.5,0.0,6.05,0.07533333333333334,0.24616666666666664,20.45,0.0,0.0,0.0,0.0,0.0,20.45,0.0,0.0,0.0,0.0,92.5,3.99,0.0,0.16075,0.0028333333333333405,0.28925,0,-0.23333333333333073,0.0,-3.99,0.0,0.0,0.0,0.0,1.0,-0.9634705485641486,-0.26781430516217486,0,1.0,0,0.011506160721182823,0,LOW
Moderate Relief,2026-09-15 06:00:00,23.833333333333332,76.16666666666667,0.0,9.366666666666665,0.07716666666666668,0.24533333333333332,22.683333333333334,1.11,0.0,0.0,0.0,0.0,23.483333333333334,0.0,0.0,0.0,0.0,92.5,4.0,0.0,0.16125,0.0018333333333333396,0.28875,0,0.34999999999999787,-1.11,-4.0,0.0,0.0,0.0,1.0,6.123233995736766e-17,-0.9634705485641486,-0.26781430516217486,0,1.0,0,0.0,0,LOW
Moderate Relief,2026-09-15 12:00:00,27.2,55.833333333333336,0.0,13.683333333333332,0.06166666666666667,0.24349999999999997,28.599999999999998,2.7800000000000002,0.0,0.0,0.0,0.0,26.333333333333332,0.0,0.0,0.0,0.0,92.5,4.140000000000001,0.0,0.15258333333333332,-0.015500000000000007,0.29741666666666666,0,0.8666666666666671,-2.7800000000000002,-4.140000000000001,0.0,0.0,0.0,1.2246467991473532e-16,-1.0,-0.9634705485641486,-0.26781430516217486,0,1.0,0,0.0,0,LOW
Moderate Relief,2026-09-15 18:00:00,23.916666666666668,70.83333333333333,0.0,8.35,0.0545,0.24216666666666664,24.833333333333332,0.31000000000000005,0.0,0.0,0.0,0.0,23.650000000000002,0.0,0.0,0.0,0.0,92.5,4.200000000000001,0.0,0.14833333333333332,-0.007166666666666668,0.3016666666666667,0,0.2666666666666657,-0.31000000000000005,-4.200000000000001,0.0,0.0,0.0,-1.0,-1.8369701987210297e-16,-0.9634705485641486,-0.26781430516217486,0,1.0,0,0.0,0,LOW
Moderate Relief,2026-09-16 00:00:00,20.25,86.5,0.0,4.416666666666667,0.058,0.24116666666666667,19.849999999999998,0.0,0.0,0.0,0.0,0.0,20.21666666666667,0.0,0.0,0.0,0.0,86.5,4.200000000000001,0.0,0.14958333333333335,0.003500000000000003,0.30041666666666667,0,0.03333333333333144,0.0,-4.200000000000001,0.0,0.0,0.0,0.0,1.0,-0.9679377830240641,-0.25119006388481957,0,1.0,0,0.008901303820312022,0,LOW
Moderate Relief,2026-09-16 06:00:00,24.5,69.5,0.0,11.0,0.05933333333333333,0.24033333333333332,22.38333333333333,1.21,0.0,0.0,0.0,0.0,23.833333333333332,0.0,0.0,0.0,0.0,86.5,4.300000000000001,0.0,0.14983333333333332,0.0013333333333333253,0.3001666666666667,0,0.6666666666666679,-1.21,-4.300000000000001,0.0,0.0,0.0,1.0,6.123233995736766e-17,-0.9679377830240641,-0.25119006388481957,0,1.0,0,0.0,0,LOW
Moderate Relief,2026-09-16 12:00:00,27.183333333333334,61.5,0.0,18.21666666666667,0.04783333333333333,0.23850000000000002,29.083333333333332,2.7199999999999998,0.0,0.0,0.0,0.0,27.2,0.0,0.0,0.0,0.0,86.5,4.24,0.0,0.14316666666666666,-0.011499999999999996,0.30683333333333335,0,-0.01666666666666572,-2.7199999999999998,-4.24,0.0,0.0,0.0,1.2246467991473532e-16,-1.0,-0.9679377830240641,-0.25119006388481957,0,1.0,0,0.0,0,LOW
Moderate Relief,2026-09-16 18:00:00,24.13333333333333,83.66666666666667,0.0,13.566666666666668,0.04416666666666666,0.23716666666666666,25.71666666666667,0.27,0.0,0.0,0.0,0.0,23.916666666666668,0.0,0.0,0.0,0.0,86.5,4.199999999999999,0.0,0.14066666666666666,-0.0036666666666666722,0.30933333333333335,0,0.21666666666666146,-0.27,-4.199999999999999,0.0,0.0,0.0,-1.0,-1.8369701987210297e-16,-0.9679377830240641,-0.25119006388481957,0,1.0,0,0.0,0,LOW
Moderate Relief,2026-09-17 00:00:00,21.366666666666664,98.0,0.0,8.35,0.04716666666666666,0.2363333333333333,21.566666666666666,0.0,0.0,0.0,0.0,0.0,20.25,0.0,0.0,0.0,0.0,98.0,4.199999999999999,0.0,0.14175,0.0030000000000000027,0.30825,0,1.1166666666666636,0.0,-4.199999999999999,0.0,0.0,0.0,0.0,1.0,-0.9721181966290612,-0.23449138957041052,0,1.0,0,0.011506160162389279,0,LOW
Moderate Relief,2026-09-17 06:00:00,24.88333333333333,80.5,0.0,15.35,0.050499999999999996,0.2353333333333333,23.91666666666667,1.0899999999999999,0.0,0.0,0.0,0.0,24.5,0.0,0.0,0.0,0.0,98.0,4.08,0.0,0.14291666666666666,0.003333333333333334,0.3070833333333334,0,0.3833333333333293,-1.0899999999999999,-4.08,0.0,0.0,0.0,1.0,6.123233995736766e-17,-0.9721181966290612,-0.23449138957041052,0,1.0,0,0.0,0,LOW
Moderate Relief,2026-09-17 12:00:00,27.966666666666665,66.16666666666667,0.0,16.233333333333334,0.042833333333333334,0.2343333333333333,30.583333333333332,2.62,0.0,0.0,0.0,0.0,27.183333333333334,0.0,0.0,0.0,0.0,98.0,3.98,0.0,0.13858333333333334,-0.007666666666666662,0.3114166666666667,0,0.7833333333333314,-2.62,-3.98,0.0,0.0,0.0,1.2246467991473532e-16,-1.0,-0.9721181966290612,-0.23449138957041052,0,1.0,0,0.0,0,LOW
Moderate Relief,2026-09-17 18:00:00,23.933333333333334,84.83333333333333,0.0,5.883333333333333,0.0395,0.2325,26.36666666666667,0.17,0.0,0.0,0.0,0.0,24.13333333333333,0.0,0.0,0.0,0.0,98.0,3.88,0.0,0.136,-0.003333333333333334,0.314,0,-0.19999999999999574,-0.17,-3.88,0.0,0.0,0.0,-1.0,-1.8369701987210297e-16,-0.9721181966290612,-0.23449138957041052,0,1.0,0,0.0008316008374094963,0,LOW
Moderate Relief,2026-09-18 00:00:00,22.383333333333336,91.16666666666667,0.0,16.233333333333334,0.04233333333333333,0.23116666666666671,22.200000000000003,0.07,0.0,0.0,0.0,0.0,21.366666666666664,0.0,0.0,0.0,0.0,91.16666666666667,3.9499999999999997,0.0,0.13675,0.0028333333333333266,0.31325000000000003,0,1.0166666666666728,-0.07,-3.9499999999999997,0.0,0.0,0.0,0.0,1.0,-0.9760105506323682,-0.21772323039653224,0,1.0,0,0.0009756097570061684,0,LOW
Moderate Relief,2026-09-18 06:00:00,26.066666666666666,69.33333333333333,0.0,24.45,0.04333333333333333,0.23033333333333336,24.700000000000003,1.4000000000000001,0.0,0.0,0.0,0.0,24.88333333333333,0.0,0.0,0.0,0.0,91.16666666666667,4.26,0.0,0.13683333333333333,0.0010000000000000009,0.3131666666666667,0,1.1833333333333371,-1.4000000000000001,-4.26,0.0,0.0,0.0,1.0,6.123233995736766e-17,-0.9760105506323682,-0.21772323039653224,0,1.0,0,0.0,0,LOW
Moderate Relief,2026-09-18 12:00:00,27.533333333333335,59.833333333333336,0.0,26.016666666666666,0.03716666666666667,0.22933333333333336,30.733333333333334,2.7399999999999998,0.0,0.0,0.0,0.0,27.966666666666665,0.0,0.0,0.0,0.0,91.16666666666667,4.38,0.0,0.13325,-0.006166666666666661,0.31675,0,-0.43333333333333,-2.7399999999999998,-4.38,0.0,0.0,0.0,1.2246467991473532e-16,-1.0,-0.9760105506323682,-0.21772323039653224,0,1.0,0,0.0,0,LOW
Moderate Relief,2026-09-18 18:00:00,24.483333333333334,76.33333333333333,0.0,21.45,0.035500000000000004,0.22833333333333336,26.849999999999998,0.49,0.0,0.0,0.0,0.0,23.933333333333334,0.0,0.0,0.0,0.0,91.16666666666667,4.7,0.0,0.13191666666666668,-0.0016666666666666635,0.31808333333333333,0,0.5500000000000007,-0.49,-4.7,0.0,0.0,0.0,-1.0,-1.8369701987210297e-16,-0.9760105506323682,-0.21772323039653224,0,1.0,0,0.0,0,LOW
Moderate Relief,2026-09-19 00:00:00,22.516666666666666,85.5,0.0,16.3,0.0375,0.22733333333333336,22.766666666666666,0.13,0.0,0.0,0.0,0.0,22.383333333333336,0.0,0.0,0.0,0.0,85.5,4.76,0.0,0.13241666666666668,0.001999999999999995,0.31758333333333333,0,0.1333333333333293,-0.13,-4.76,0.0,0.0,0.0,0.0,1.0,-0.9796136916454901,-0.20089055513063528,0,1.0,0,0.0008316008374094963,0,LOW
Moderate Relief,2026-09-19 06:00:00,25.566666666666666,65.66666666666667,0.0,20.86666666666667,0.03816666666666667,0.22616666666666665,24.816666666666666,1.3900000000000001,0.0,0.0,0.0,0.0,26.066666666666666,0.0,0.0,0.0,0.0,85.5,4.75,0.0,0.13216666666666665,0.0006666666666666696,0.31783333333333336,0,-0.5,-1.3900000000000001,-4.75,0.0,0.0,0.0,1.0,6.123233995736766e-17,-0.9796136916454901,-0.20089055513063528,0,1.0,0,0.0,0,LOW
Moderate Relief,2026-09-19 12:00:00,27.816666666666666,53.5,0.0,21.416666666666668,0.03366666666666667,0.2251666666666667,31.233333333333338,2.81,0.0,0.0,0.0,0.0,27.533333333333335,0.0,0.0,0.0,0.0,85.5,4.82,0.0,0.12941666666666668,-0.004499999999999997,0.32058333333333333,0,0.28333333333333144,-2.81,-4.82,0.0,0.0,0.0,1.2246467991473532e-16,-1.0,-0.9796136916454901,-0.20089055513063528,0,1.0,0,0.0,0,LOW
Moderate Relief,2026-09-19 18:00:00,24.36666666666667,76.5,0.0,12.85,0.0325,0.22433333333333336,27.233333333333334,0.34,0.0,0.0,0.0,0.0,24.483333333333334,0.0,0.0,0.0,0.0,85.5,4.67,0.0,0.12841666666666668,-0.00116666666666667,0.32158333333333333,0,-0.11666666666666359,-0.34,-4.67,0.0,0.0,0.0,-1.0,-1.8369701987210297e-16,-0.9796136916454901,-0.20089055513063528,0,1.0,0,0.0,0,LOW
Moderate Relief,2026-09-20 00:00:00,21.833333333333332,91.16666666666667,0.0,9.499999999999998,0.0345,0.2231666666666667,22.366666666666664,0.01,0.0,0.0,0.0,0.0,22.516666666666666,0.0,0.0,0.0,0.0,91.16666666666667,4.55,0.0,0.12883333333333336,0.0020000000000000018,0.32116666666666666,0,-0.6833333333333336,-0.01,-4.55,0.0,0.0,0.0,0.0,1.0,-0.9829265519799822,-0.18399835165767986,0,1.0,0,0.003210246469825506,0,LOW
Moderate Relief,2026-09-20 06:00:00,25.150000000000002,69.33333333333333,0.0,13.049999999999999,0.035833333333333335,0.223,24.75,1.21,0.0,0.0,0.0,0.0,25.566666666666666,0.0,0.0,0.0,0.0,91.16666666666667,4.369999999999999,0.0,0.12941666666666668,0.0013333333333333322,0.32058333333333333,0,-0.4166666666666643,-1.21,-4.369999999999999,0.0,0.0,0.0,1.0,6.123233995736766e-17,-0.9829265519799822,-0.18399835165767986,0,1.0,0,0.0,0,LOW
Moderate Relief,2026-09-20 12:00:00,28.883333333333336,52.333333333333336,0.0,7.5,0.03266666666666667,0.22150000000000003,33.03333333333333,2.67,0.0,0.0,0.0,0.0,27.816666666666666,0.0,0.0,0.0,0.0,91.16666666666667,4.23,0.0,0.12708333333333335,-0.003166666666666665,0.32291666666666663,0,1.06666666666667,-2.67,-4.23,0.0,0.0,0.0,1.2246467991473532e-16,-1.0,-0.9829265519799822,-0.18399835165767986,0,1.0,0,0.0,0,LOW
Moderate Relief,2026-09-20 18:00:00,25.650000000000002,67.5,0.0,3.4333333333333336,0.031,0.221,29.083333333333332,0.16,0.0,0.0,0.0,0.0,24.36666666666667,0.0,0.0,0.0,0.0,91.16666666666667,4.05,0.0,0.126,-0.0016666666666666705,0.324,0,1.2833333333333314,-0.16,-4.05,0.0,0.0,0.0,-1.0,-1.8369701987210297e-16,-0.9829265519799822,-0.18399835165767986,0,1.0,0,0.0,0,LOW
Moderate Relief,2026-09-21 00:00:00,21.649999999999995,91.33333333333333,0.0,1.9666666666666668,0.0325,0.22033333333333335,22.733333333333334,0.0,0.0,0.0,0.0,0.0,21.833333333333332,0.0,0.0,0.0,0.0,91.33333333333333,4.04,0.0,0.12641666666666668,0.0015000000000000013,0.32358333333333333,0,-0.18333333333333712,0.0,-4.04,0.0,0.0,0.0,0.0,1.0,-0.9859481499638303,-0.1670516255021195,0,1.0,0,0.0032102467492222788,0,LOW
Moderate Relief,2026-09-21 06:00:00,25.349999999999998,76.5,0.0,6.566666666666666,0.034,0.2191666666666667,25.049999999999997,1.06,0.0,0.0,0.0,0.0,25.150000000000002,0.0,0.0,0.0,0.0,91.33333333333333,3.89,0.0,0.12658333333333335,0.0015000000000000013,0.3234166666666667,0,0.19999999999999574,-1.06,-3.89,0.0,0.0,0.0,1.0,6.123233995736766e-17,-0.9859481499638303,-0.1670516255021195,0,1.0,0,0.0,0,LOW
Moderate Relief,2026-09-21 12:00:00,26.883333333333336,52.666666666666664,0.0,13.216666666666667,0.0312,0.2182,31.82,2.71,0.0,0.0,0.0,0.0,28.883333333333336,0.0,0.0,0.0,0.0,91.33333333333333,3.9299999999999997,0.0,0.1247,-0.002800000000000004,0.32530000000000003,0,-2.0,-2.71,-3.9299999999999997,0.0,0.0,0.0,1.2246467991473532e-16,-1.0,-0.9859481499638303,-0.1670516255021195,0,1.0,0,0.0,0,LOW
Moderate Relief,2026-09-21 18:00:00,23.333333333333332,43.5,0.0,8.933333333333334,0.0,0.0,0.0,0.52,0.0,0.0,0.0,0.0,25.650000000000002,0.0,0.0,0.0,0.0,91.33333333333333,4.29,0.0,0.0,-0.0312,0.45,0,-2.31666666666667,-0.52,-4.29,0.0,0.0,0.0,-1.0,-1.8369701987210297e-16,-0.9859481499638303,-0.1670516255021195,0,0.6666666666666667,0,0.0,0,LOW
Moderate Relief,2026-09-22 00:00:00,18.68888888888889,79.08333333333333,0.85,10.694444444444445,0.16402777777777777,0.15400000000000003,19.708333333333332,0.12666666666666668,0.0,0.0,0.0,0.0,21.649999999999995,0.85,0.85,0.85,0.85,79.08333333333333,4.416666666666667,0.85,0.1590138888888889,0.16402777777777777,0.2909861111111111,0,-2.961111111111105,0.7233333333333333,-3.566666666666667,67.22083333333333,0.5666666666666667,0.37777777777777777,0.0,1.0,-0.9886775902323404,-0.15005539834465262,0,1.0,0,0.0,0,LOW
Moderate Relief,2026-09-22 06:00:00,20.847222222222225,68.05555555555556,0.06666666666666667,12.183333333333332,0.16722222222222224,0.15458333333333332,20.166666666666664,0.9083333333333333,0.85,0.0,0.0,0.0,25.349999999999998,0.9166666666666666,0.9166666666666666,0.9166666666666666,0.85,79.08333333333333,4.265,0.7891666666666666,0.16090277777777778,0.003194444444444472,0.2890972222222222,0,-4.502777777777773,-0.8416666666666667,-3.348333333333333,4.537037037037037,0.6,0.39999999999999997,1.0,6.123233995736766e-17,-0.9886775902323404,-0.15005539834465262,0,1.0,0,0.0,0,LOW
Moderate Relief,2026-09-22 12:00:00,24.7,47.22222222222223,0.05000000000000001,14.308333333333332,0.16302777777777774,0.15480555555555556,26.21666666666667,2.2333333333333334,0.06666666666666667,0.85,0.0,0.0,26.883333333333336,0.9666666666666667,0.9666666666666667,0.9666666666666667,0.85,79.08333333333333,3.7883333333333336,0.7207916666666667,0.15891666666666665,-0.004194444444444501,0.29108333333333336,0,-2.183333333333337,-2.1833333333333336,-2.8216666666666668,2.361111111111112,0.6166666666666667,0.4111111111111111,1.2246467991473532e-16,-1.0,-0.9886775902323404,-0.15005539834465262,0,1.0,0,0.0,0,LOW
Moderate Relief,2026-09-22 18:00:00,20.583333333333332,74.27777777777779,0.05000000000000001,9.68888888888889,0.16086111111111112,0.15574999999999997,22.825,0.25666666666666665,0.05000000000000001,0.06666666666666667,0.0,0.0,23.333333333333332,1.0166666666666666,1.0166666666666666,1.0166666666666666,0.85,79.08333333333333,3.5250000000000004,0.1406666666666667,0.15830555555555553,-0.0021666666666666223,0.2916944444444445,0,-2.75,-0.20666666666666664,-2.5083333333333337,3.71388888888889,0.6666666666666667,0.4444444444444445,-1.0,-1.8369701987210297e-16,-0.9886775902323404,-0.15005539834465262,0,1.0,0,0.0,0,LOW
Moderate Relief,2026-09-23 00:00:00,18.549999999999997,83.36111111111111,0.09999999999999999,9.669444444444443,0.16158333333333333,0.15583333333333335,19.569444444444443,0.09000000000000001,0.05000000000000001,0.05000000000000001,0.85,0.0,18.68888888888889,0.26666666666666666,1.1166666666666667,1.1166666666666667,0.09999999999999999,83.36111111111111,3.4883333333333333,0.6223303125,0.15870833333333334,0.0007222222222222074,0.29129166666666667,0,-0.13888888888889284,0.009999999999999981,-3.2216666666666667,8.33611111111111,0.15000000000000002,0.1,0.0,1.0,-0.9911140639934546,-0.13301470653419636,0,1.0,0,0.0,0,LOW
Moderate Relief,2026-09-23 06:00:00,21.130555555555556,68.55555555555556,0.0,12.558333333333332,0.16177777777777777,0.15583333333333335,20.544444444444444,1.0050000000000001,0.09999999999999999,0.05000000000000001,0.06666666666666667,0.0,20.847222222222225,0.2,1.1166666666666667,1.1166666666666667,0.09999999999999999,83.36111111111111,3.585,0.15592541666666668,0.15880555555555556,0.00019444444444444153,0.2911944444444444,0,0.28333333333333144,-1.0050000000000001,-3.385,0.0,0.1166666666666667,0.07777777777777779,1.0,6.123233995736766e-17,-0.9911140639934546,-0.13301470653419636,0,1.0,0,0.0,0,LOW
Moderate Relief,2026-09-23 12:00:00,24.938888888888886,51.888888888888886,0.0,16.5,0.156,0.15561111111111112,27.08055555555556,2.4066666666666667,0.0,0.09999999999999999,0.05000000000000001,0.0,24.7,0.15,1.1166666666666667,1.1166666666666667,0.09999999999999999,83.36111111111111,3.7583333333333337,0.0983503125,0.15580555555555556,-0.005777777777777771,0.2941944444444444,0,0.23888888888888715,-2.4066666666666667,-3.608333333333334,0.0,0.10000000000000002,0.06666666666666668,1.2246467991473532e-16,-1.0,-0.9911140639934546,-0.13301470653419636,0,1.0,0,0.0,0,LOW
Moderate Relief,2026-09-23 18:00:00,20.527777777777775,74.1111111111111,0.0,11.649999999999999,0.15372222222222223,0.1557222222222222,23.08888888888889,0.24333333333333332,0.0,0.0,0.05000000000000001,0.0,20.583333333333332,0.09999999999999999,1.1166666666666667,1.1166666666666667,0.09999999999999999,83.36111111111111,3.745,0.026100312500000004,0.1547222222222222,-0.0022777777777777675,0.2952777777777778,0,-0.055555555555557135,-0.24333333333333332,-3.645,0.0,0.05000000000000001,0.03333333333333334,-1.0,-1.8369701987210297e-16,-0.9911140639934546,-0.13301470653419636,0,1.0,0,0.0,0,LOW
Moderate Relief,2026-09-24 00:00:00,18.041666666666668,81.77777777777779,0.0,13.866666666666667,0.15338888888888888,0.15561111111111112,19.65277777777778,0.165,0.0,0.0,0.09999999999999999,0.85,18.549999999999997,0.0,0.26666666666666666,1.1166666666666667,0.0,81.77777777777779,3.8200000000000003,0.052200624999999994,0.1545,-0.00033333333333335213,0.2955,0,-0.5083333333333293,-0.165,-3.8200000000000003,0.0,0.0,0.0,0.0,1.0,-0.9932568492674143,-0.11593459959550066,0,1.0,0,0.0,0,LOW
Moderate Relief,2026-09-24 06:00:00,20.71388888888889,70.5,0.03333333333333333,13.555555555555557,0.15283333333333335,0.15516666666666665,20.619444444444444,1.0183333333333333,0.0,0.0,0.0,0.06666666666666667,21.130555555555556,0.03333333333333333,0.23333333333333334,1.1500000000000001,0.03333333333333333,81.77777777777779,3.833333333333333,0.03333333333333333,0.154,-0.0005555555555555314,0.29600000000000004,0,-0.41666666666666785,-0.985,-3.8,2.35,0.016666666666666666,0.01111111111111111,1.0,6.123233995736766e-17,-0.9932568492674143,-0.11593459959550066,0,1.0,0,0.0,0,LOW
Moderate Relief,2026-09-24 12:00:00,24.472222222222225,55.69444444444445,0.06666666666666667,14.638888888888891,0.14933333333333335,0.15472222222222223,27.15833333333333,2.23,0.03333333333333333,0.0,0.0,0.05000000000000001,24.938888888888886,0.1,0.25,1.2166666666666668,0.06666666666666667,81.77777777777779,3.6566666666666667,0.095,0.1520277777777778,-0.003500000000000003,0.2979722222222222,0,-0.46666666666666146,-2.163333333333333,-3.5566666666666666,3.7129629629629632,0.09999999999999999,0.06666666666666665,1.2246467991473532e-16,-1.0,-0.9932568492674143,-0.11593459959550066,0,1.0,0,0.0,0,LOW
Moderate Relief,2026-09-24 18:00:00,20.124999999999996,77.80555555555556,0.0,15.238888888888887,0.14819444444444443,0.15416666666666667,22.947222222222223,0.255,0.06666666666666667,0.03333333333333333,0.0,0.05000000000000001,20.527777777777775,0.1,0.2,1.2166666666666668,0.06666666666666667,81.77777777777779,3.668333333333333,0.08075,0.15118055555555554,-0.0011388888888889115,0.29881944444444447,0,-0.40277777777777857,-0.255,-3.568333333333333,0.0,0.09999999999999999,0.06666666666666665,-1.0,-1.8369701987210297e-16,-0.9932568492674143,-0.11593459959550066,0,1.0,0,0.0,0,LOW
Moderate Relief,2026-09-25 00:00:00,17.92222222222222,78.86111111111111,0.0,18.525000000000002,0.14816666666666667,0.15405555555555556,19.769444444444442,0.26666666666666666,0.0,0.06666666666666667,0.0,0.09999999999999999,18.041666666666668,0.1,0.1,0.36666666666666664,0.06666666666666667,78.86111111111111,3.7699999999999996,0.04816666666666667,0.1511111111111111,-2.7777777777765467e-05,0.29888888888888887,0,-0.11944444444444713,-0.26666666666666666,-3.6699999999999995,0.0,0.09999999999999999,0.06666666666666665,0.0,1.0,-0.9951053111006974,-0.09882013873287211,0,1.0,0,0.0,0,LOW
Moderate Relief,2026-09-25 06:00:00,19.677777777777777,68.41666666666667,0.08333333333333333,17.986111111111114,0.14819444444444446,0.15377777777777776,20.019444444444446,0.91,0.0,0.0,0.03333333333333333,0.0,20.71388888888889,0.15,0.18333333333333335,0.3833333333333333,0.08333333333333333,78.86111111111111,3.6616666666666666,0.10073354166666666,0.1509861111111111,2.7777777777793222e-05,0.2990138888888889,0,-1.0361111111111114,-0.8266666666666667,-3.5116666666666667,5.701388888888889,0.15,0.09999999999999999,1.0,6.123233995736766e-17,-0.9951053111006974,-0.09882013873287211,0,1.0,0,0.0,0,LOW
Moderate Relief,2026-09-25 12:00:00,23.061111111111114,53.30555555555555,0.03333333333333333,18.066666666666666,0.1453888888888889,0.15386111111111112,25.347222222222225,2.016666666666667,0.08333333333333333,0.0,0.06666666666666667,0.0,24.472222222222225,0.11666666666666667,0.21666666666666667,0.36666666666666664,0.08333333333333333,78.86111111111111,3.4483333333333337,0.13896708333333332,0.149625,-0.002805555555555561,0.300375,0,-1.4111111111111114,-1.9833333333333336,-3.331666666666667,1.7768518518518517,0.15,0.09999999999999999,1.2246467991473532e-16,-1.0,-0.9951053111006974,-0.09882013873287211,0,1.0,0,0.0,0,LOW
Moderate Relief,2026-09-25 18:00:00,19.73611111111111,72.91666666666667,0.0,13.991666666666667,0.14233333333333334,0.15433333333333332,22.344444444444445,0.3366666666666667,0.03333333333333333,0.08333333333333333,0.0,0.0,20.124999999999996,0.11666666666666667,0.21666666666666667,0.31666666666666665,0.08333333333333333,78.86111111111111,3.5300000000000007,0.08854166666666667,0.14833333333333332,-0.0030555555555555614,0.3016666666666667,0,-0.38888888888888573,-0.3366666666666667,-3.413333333333334,0.0,0.15,0.09999999999999999,-1.0,-1.8369701987210297e-16,-0.9951053111006974,-0.09882013873287211,0,1.0,0,0.0,0,LOW
Moderate Relief,2026-09-26 00:00:00,17.863888888888887,78.69444444444444,1.3166666666666667,12.613888888888889,0.14622222222222223,0.15436111111111112,19.15277777777778,0.18000000000000002,0.0,0.03333333333333333,0.0,0.0,17.92222222222222,1.4333333333333333,1.5333333333333332,1.5333333333333332,1.3166666666666667,78.69444444444444,3.4433333333333342,1.3407499999999999,0.15029166666666666,0.003888888888888886,0.29970833333333335,0,-0.05833333333333357,1.1366666666666667,-2.0100000000000007,103.61435185185185,1.6166666666666667,1.0777777777777777,0.0,1.0,-0.99665890175417,-0.08167639533042288,0,1.0,0,0.0008316008374094963,0,LOW
Moderate Relief,2026-09-26 06:00:00,19.86388888888889,62.80555555555555,0.75,17.563888888888886,0.1673611111111111,0.1546388888888889,19.716666666666665,1.0566666666666666,1.3166666666666667,0.0,0.08333333333333333,0.03333333333333333,19.677777777777777,2.1,2.25,2.283333333333333,1.3166666666666667,78.69444444444444,3.5900000000000007,1.9126671874999999,0.161,0.021138888888888874,0.28900000000000003,0,0.18611111111111356,-0.30666666666666664,-1.4900000000000007,47.104166666666664,2.0,1.3333333333333333,1.0,6.123233995736766e-17,-0.99665890175417,-0.08167639533042288,0,1.0,0,0.0,0,LOW
Moderate Relief,2026-09-26 12:00:00,22.71388888888889,49.333333333333336,0.03333333333333333,22.766666666666666,0.1617222222222222,0.1550277777777778,25.37777777777778,2.175,0.75,1.3166666666666667,0.03333333333333333,0.06666666666666667,23.061111111111114,2.0999999999999996,2.216666666666667,2.3166666666666664,1.3166666666666667,78.69444444444444,3.748333333333333,1.6395252083333334,0.158375,-0.005638888888888888,0.291625,0,-0.347222222222225,-2.1416666666666666,-1.6483333333333334,1.6444444444444446,1.9333333333333333,1.2888888888888888,1.2246467991473532e-16,-1.0,-0.99665890175417,-0.08167639533042288,0,1.0,0,0.0,0,LOW
Moderate Relief,2026-09-26 18:00:00,18.49722222222222,69.8888888888889,0.0,20.272222222222222,0.15641666666666668,0.155,21.46111111111111,0.4099999999999999,0.03333333333333333,0.75,0.0,0.0,19.73611111111111,2.0999999999999996,2.216666666666667,2.3166666666666664,1.3166666666666667,78.69444444444444,3.8216666666666663,0.5702083333333333,0.15570833333333334,-0.005305555555555536,0.2942916666666667,0,-1.2388888888888907,-0.4099999999999999,-1.7216666666666667,0.0,1.9333333333333333,1.2888888888888888,-1.0,-1.8369701987210297e-16,-0.99665890175417,-0.08167639533042288,0,1.0,0,0.0,0,LOW
Moderate Relief,2026-09-27 00:00:00,17.277777777777775,77.3888888888889,0.0,19.358333333333334,0.15663888888888886,0.155,18.602777777777778,0.24666666666666667,0.0,0.03333333333333333,1.3166666666666667,0.0,17.863888888888887,0.7833333333333333,2.216666666666667,2.3166666666666664,0.75,77.3888888888889,3.888333333333333,0.7113915625,0.15581944444444443,0.00022222222222217924,0.29418055555555556,0,-0.5861111111111121,-0.24666666666666667,-3.105,0.0,0.4666666666666666,0.31111111111111106,0.0,1.0,-0.9979171608653922,-0.06450844944931625,0,1.0,0,0.0,0,LOW
Moderate Relief,2026-09-27 06:00:00,18.872222222222224,69.1388888888889,0.65,18.333333333333332,0.16019444444444444,0.15494444444444444,19.10833333333333,0.9316666666666666,0.0,0.0,0.75,0.08333333333333333,19.86388888888889,0.6833333333333333,2.783333333333333,2.933333333333333,0.65,77.3888888888889,3.763333333333333,1.0415046875,0.15756944444444443,0.0035555555555555896,0.2924305555555556,0,-0.9916666666666671,-0.2816666666666666,-3.08,44.94027777777779,1.5999999999999996,1.0666666666666664,1.0,6.123233995736766e-17,-0.9979171608653922,-0.06450844944931625,0,1.0,0,0.0,0,LOW
Moderate Relief,2026-09-27 12:00:00,22.63611111111111,53.88888888888889,0.06666666666666667,20.26111111111111,0.1617777777777778,0.15461111111111112,24.522222222222226,2.118333333333333,0.65,0.0,0.03333333333333333,0.03333333333333333,22.71388888888889,0.7166666666666667,2.8166666666666664,2.9333333333333336,0.65,77.3888888888889,3.7066666666666666,0.636566875,0.15819444444444447,0.0015833333333333532,0.29180555555555554,0,-0.07777777777777928,-2.0516666666666663,-2.9899999999999998,3.592592592592593,1.583333333333333,1.0555555555555554,1.2246467991473532e-16,-1.0,-0.9979171608653922,-0.06450844944931625,0,1.0,0,0.0,0,LOW
Moderate Relief,2026-09-27 18:00:00,18.566666666666663,75.91666666666667,0.13333333333333333,13.627777777777778,0.15575,0.15433333333333335,21.311111111111106,0.265,0.06666666666666667,0.65,0.0,0.0,18.49722222222222,0.85,2.9499999999999997,3.066666666666667,0.65,77.3888888888889,3.5616666666666665,0.659625,0.1550416666666667,-0.0060277777777777986,0.2949583333333333,0,0.06944444444444287,-0.13166666666666668,-2.7116666666666664,10.122222222222224,1.9833333333333332,1.322222222222222,-1.0,-1.8369701987210297e-16,-0.9979171608653922,-0.06450844944931625,0,1.0,0,0.0,0,LOW
Moderate Relief,2026-09-28 00:00:00,16.947222222222223,82.1388888888889,0.016666666666666666,11.641666666666667,0.15694444444444441,0.15461111111111112,18.280555555555555,0.12666666666666665,0.13333333333333333,0.06666666666666667,0.0,1.3166666666666667,17.277777777777775,0.8666666666666667,1.65,3.0833333333333335,0.65,82.1388888888889,3.4416666666666664,0.17816666666666667,0.15577777777777777,0.0011944444444444147,0.2942222222222223,0,-0.33055555555555216,-0.10999999999999999,-2.5749999999999997,1.3689814814814816,2.083333333333333,1.3888888888888886,0.0,1.0,-0.9988797155850335,-0.04732138832243232,0,1.0,0,0.0,0,LOW
Moderate Relief,2026-09-28 06:00:00,18.802777777777777,69.27777777777779,0.2833333333333333,14.033333333333337,0.15927777777777777,0.155,18.75833333333333,0.8216666666666667,0.016666666666666666,0.13333333333333333,0.65,0.75,18.872222222222224,0.5,1.1833333333333333,3.283333333333333,0.2833333333333333,82.1388888888889,3.3316666666666666,0.7331373958333334,0.15713888888888888,0.002333333333333354,0.2928611111111111,0,-0.06944444444444642,-0.5383333333333333,-2.8316666666666666,19.628703703703707,0.7000000000000002,0.4666666666666668,1.0,6.123233995736766e-17,-0.9988797155850335,-0.04732138832243232,0,1.0,0,0.0,0,LOW
Moderate Relief,2026-09-28 12:00:00,22.119444444444444,52.5,0.25,18.133333333333336,0.15819444444444444,0.1550277777777778,23.883333333333336,1.985,0.2833333333333333,0.016666666666666666,0.06666666666666667,0.03333333333333333,22.63611111111111,0.6833333333333333,1.4,3.4999999999999996,0.2833333333333333,82.1388888888889,3.1983333333333333,0.5376754166666666,0.15661111111111112,-0.001083333333333325,0.2933888888888889,0,-0.5166666666666657,-1.735,-2.5149999999999997,13.125,0.8000000000000002,0.5333333333333334,1.2246467991473532e-16,-1.0,-0.9988797155850335,-0.04732138832243232,0,1.0,0,0.0,0,LOW
Moderate Relief,2026-09-28 18:00:00,18.14444444444445,74.61111111111111,0.016666666666666666,12.352777777777776,0.15616666666666665,0.1555,20.619444444444444,0.265,0.25,0.2833333333333333,0.13333333333333333,0.0,18.566666666666663,0.5666666666666668,1.4166666666666665,3.516666666666666,0.2833333333333333,82.1388888888889,3.1983333333333337,0.5034758333333333,0.15583333333333332,-0.002027777777777795,0.2941666666666667,0,-0.4222222222222136,-0.24833333333333335,-2.631666666666667,1.2435185185185185,0.45,0.3,-1.0,-1.8369701987210297e-16,-0.9988797155850335,-0.04732138832243232,0,1.0,0,0.0,0,LOW
Moderate Relief,2026-09-29 00:00:00,16.677777777777774,78.44444444444444,0.016666666666666666,12.008333333333333,0.15594444444444444,0.15575,17.969444444444445,0.19000000000000003,0.016666666666666666,0.25,0.016666666666666666,0.0,16.947222222222223,0.5666666666666668,1.4333333333333331,2.2166666666666663,0.2833333333333333,78.44444444444444,3.2616666666666667,0.2201584375,0.15584722222222222,-0.000222222222222207,0.2941527777777778,0,-0.26944444444444926,-0.17333333333333337,-2.695,1.3074074074074074,0.38333333333333336,0.25555555555555554,0.0,1.0,-0.9995462806873573,-0.03012030484690836,0,1.0,0,0.0,0,LOW
Moderate Relief,2026-09-29 06:00:00,18.76111111111111,67.97222222222221,0.0,15.59722222222222,0.1552777777777778,0.156,18.849999999999998,0.8983333333333333,0.016666666666666666,0.016666666666666666,0.2833333333333333,0.65,18.802777777777777,0.2833333333333333,0.7833333333333334,1.4666666666666666,0.25,78.44444444444444,3.3383333333333334,0.17411010416666667,0.15563888888888888,-0.0006666666666666488,0.29436111111111113,0,-0.04166666666666785,-0.8983333333333333,-3.055,0.0,0.19999999999999998,0.1333333333333333,1.0,6.123233995736766e-17,-0.9995462806873573,-0.03012030484690836,0,1.0,0,0.0,0,LOW
Moderate Relief,2026-09-29 12:00:00,21.51111111111111,53.19444444444445,0.2333333333333333,17.205555555555556,0.15316666666666667,0.15561111111111112,24.166666666666668,1.9883333333333333,0.0,0.016666666666666666,0.25,0.06666666666666667,22.119444444444444,0.26666666666666666,0.9500000000000001,1.6666666666666665,0.2333333333333333,78.44444444444444,3.341666666666667,0.3758765625,0.1543888888888889,-0.002111111111111119,0.2956111111111111,0,-0.6083333333333343,-1.755,-3.075,12.412037037037036,0.45000000000000007,0.30000000000000004,1.2246467991473532e-16,-1.0,-0.9995462806873573,-0.03012030484690836,0,1.0,0,0.0,0,LOW
Moderate Relief,2026-09-29 18:00:00,17.572222222222226,73.44444444444444,0.03333333333333333,14.975000000000001,0.1520277777777778,0.15511111111111112,20.511111111111113,0.2866666666666666,0.2333333333333333,0.0,0.016666666666666666,0.13333333333333333,18.14444444444445,0.2833333333333333,0.8500000000000001,1.7,0.2333333333333333,78.44444444444444,3.3633333333333333,0.2403667708333333,0.15356944444444445,-0.0011388888888888837,0.29643055555555553,0,-0.5722222222222229,-0.2533333333333333,-3.08,2.448148148148148,0.5833333333333334,0.3888888888888889,-1.0,-1.8369701987210297e-16,-0.9995462806873573,-0.03012030484690836,0,1.0,0,0.0,0,LOW
Moderate Relief,2026-09-30 00:00:00,15.933333333333332,77.25000000000001,0.16666666666666666,13.869444444444445,0.15261111111111111,0.15525,17.466666666666665,0.19833333333333336,0.03333333333333333,0.2333333333333333,0.016666666666666666,0.016666666666666666,16.677777777777774,0.43333333333333335,1.0,1.8666666666666667,0.2333333333333333,77.25000000000001,3.3716666666666666,0.3722834375,0.15393055555555557,0.0005833333333333246,0.29606944444444444,0,-0.7444444444444418,-0.031666666666666704,-2.9383333333333335,12.875000000000002,0.8333333333333334,0.5555555555555556,0.0,1.0,-0.9999166586547379,-0.012910296075008843,0,1.0,0,0.0,0,LOW
Moderate Relief,2026-09-30 06:00:00,18.13888888888889,69.80555555555556,0.2666666666666667,12.055555555555552,0.15630555555555556,0.15541666666666668,18.141666666666666,0.79,0.16666666666666666,0.03333333333333333,0.0,0.2833333333333333,18.76111111111111,0.7000000000000001,0.9833333333333333,1.4833333333333338,0.2666666666666667,77.25000000000001,3.263333333333333,0.4324166666666667,0.15586111111111112,0.0036944444444444446,0.2941388888888889,0,-0.62222222222222,-0.5233333333333333,-2.563333333333333,18.614814814814817,1.0666666666666667,0.711111111111111,1.0,6.123233995736766e-17,-0.9999166586547379,-0.012910296075008843,0,1.0,0,0.0,0,LOW
Moderate Relief,2026-09-30 12:00:00,21.36388888888889,51.916666666666664,0.03333333333333333,19.233333333333334,0.155,0.15555555555555556,23.413888888888888,1.915,0.2666666666666667,0.16666666666666666,0.2333333333333333,0.25,21.51111111111111,0.5,0.7666666666666667,1.4500000000000004,0.2666666666666667,77.25000000000001,3.19,0.5022181250000001,0.1552777777777778,-0.0013055555555555598,0.2947222222222222,0,-0.1472222222222186,-1.8816666666666666,-2.69,1.7305555555555554,0.8000000000000002,0.5333333333333334,1.2246467991473532e-16,-1.0,-0.9999166586547379,-0.012910296075008843,0,1.0,0,0.0,0,LOW
Moderate Relief,2026-09-30 18:00:00,17.719444444444445,70.97222222222223,0.0,17.41388888888889,0.15280555555555556,0.1557777777777778,20.26388888888889,0.32166666666666666,0.03333333333333333,0.2666666666666667,0.03333333333333333,0.016666666666666666,17.572222222222226,0.4666666666666667,0.75,1.316666666666667,0.2666666666666667,77.25000000000001,3.225,0.23840020833333336,0.15429166666666666,-0.0021944444444444433,0.29570833333333335,0,0.1472222222222186,-0.32166666666666666,-2.7583333333333333,0.0,0.6166666666666668,0.4111111111111112,-1.0,-1.8369701987210297e-16,-0.9999166586547379,-0.012910296075008843,0,1.0,0,0.0,0,LOW
Moderate Relief,2026-10-01 00:00:00,15.85277777777778,77.30555555555556,0.05000000000000001,16.266666666666666,0.15155555555555553,0.15586111111111114,17.516666666666666,0.19333333333333333,0.0,0.03333333333333333,0.16666666666666666,0.016666666666666666,15.933333333333332,0.35000000000000003,0.7833333333333334,1.35,0.2666666666666667,77.30555555555556,3.22,0.161084375,0.15370833333333334,-0.0012500000000000289,0.2962916666666667,0,-0.08055555555555216,-0.1433333333333333,-2.87,3.8652777777777785,0.4666666666666667,0.3111111111111111,0.0,1.0,-0.9999907397361901,0.004303538296243821,0,1.0,0,0.0,0,LOW
Moderate Relief,2026-10-01 06:00:00,17.55,67.47222222222223,1.3166666666666667,16.322222222222223,0.16261111111111112,0.15572222222222223,17.697222222222223,0.8316666666666667,0.05000000000000001,0.0,0.2666666666666667,0.0,18.13888888888889,1.4,2.1,2.3833333333333333,1.3166666666666667,77.30555555555556,3.2616666666666667,1.4983683333333333,0.15916666666666668,0.011055555555555596,0.29083333333333333,0,-0.5888888888888886,0.485,-1.8616666666666668,88.83842592592593,1.1500000000000001,0.7666666666666667,1.0,6.123233995736766e-17,-0.9999907397361901,0.004303538296243821,0,1.0,0,0.0008316008374094963,0,LOW
Moderate Relief,2026-10-01 12:00:00,21.166666666666664,46.5,0.06666666666666667,19.230555555555554,0.16511111111111113,0.15561111111111112,22.99444444444444,2.033333333333333,1.3166666666666667,0.05000000000000001,0.03333333333333333,0.2333333333333333,21.36388888888889,1.4333333333333333,1.9333333333333333,2.2,1.3166666666666667,77.30555555555556,3.38,1.2393585416666666,0.16036111111111112,0.0025000000000000022,0.2896388888888889,0,-0.1972222222222264,-1.9666666666666666,-1.9466666666666665,3.1,1.1000000000000003,0.7333333333333335,1.2246467991473532e-16,-1.0,-0.9999907397361901,0.004303538296243821,0,1.0,0,0.0,0,LOW
Moderate Relief,2026-10-01 18:00:00,17.71111111111111,64.91666666666667,0.0,13.53888888888889,0.15583333333333335,0.15558333333333335,19.897222222222222,0.365,0.06666666666666667,1.3166666666666667,0.0,0.03333333333333333,17.719444444444445,1.4333333333333333,1.9000000000000001,2.1833333333333336,1.3166666666666667,77.30555555555556,3.423333333333333,1.0079583333333333,0.15570833333333334,-0.009277777777777774,0.2942916666666667,0,-0.008333333333336412,-0.365,-1.9899999999999995,0.0,1.1000000000000003,0.7333333333333335,-1.0,-1.8369701987210297e-16,-0.9999907397361901,0.004303538296243821,0,1.0,0,0.0,0,LOW
Moderate Relief,2026-10-02 00:00:00,15.930555555555555,71.66666666666667,0.0,10.363888888888889,0.1549722222222222,0.1557777777777778,16.944444444444443,0.18333333333333335,0.0,0.06666666666666667,0.05000000000000001,0.16666666666666666,15.85277777777778,1.3833333333333333,1.7333333333333334,2.166666666666667,1.3166666666666667,71.66666666666667,3.413333333333333,0.07426697916666668,0.15537499999999999,-0.0008611111111111458,0.294625,0,0.07777777777777573,-0.18333333333333335,-2.03,0.0,0.9666666666666668,0.6444444444444445,0.0,1.0,-0.9997685019798909,0.021516097436222233,0,1.0,0,0.0,0,LOW
Moderate Relief,2026-10-02 06:00:00,18.21666666666667,63.305555555555564,0.0,10.875,0.1555,0.1560555555555556,17.658333333333335,0.8966666666666668,0.0,0.0,1.3166666666666667,0.2666666666666667,17.55,0.06666666666666667,1.4666666666666666,2.166666666666667,0.06666666666666667,71.66666666666667,3.478333333333334,0.6873082291666667,0.1557777777777778,0.0005277777777777937,0.2942222222222222,0,0.6666666666666679,-0.8966666666666668,-3.411666666666667,0.0,0.03333333333333333,0.02222222222222222,1.0,6.123233995736766e-17,-0.9997685019798909,0.021516097436222233,0,1.0,0,0.0,0,LOW
Moderate Relief,2026-10-02 12:00:00,21.741666666666664,50.916666666666664,0.016666666666666666,17.34722222222222,0.15241666666666667,0.15619444444444444,23.647222222222226,2.013333333333333,0.0,0.0,0.06666666666666667,0.03333333333333333,21.166666666666664,0.016666666666666666,1.45,1.95,0.016666666666666666,71.66666666666667,3.4583333333333335,0.05146708333333333,0.15430555555555556,-0.003083333333333327,0.2956944444444445,0,0.5749999999999993,-1.9966666666666666,-3.441666666666667,0.8486111111111111,0.0,0.0,1.2246467991473532e-16,-1.0,-0.9997685019798909,0.021516097436222233,0,1.0,0,0.0,0,LOW
Moderate Relief,2026-10-02 18:00:00,18.183333333333334,69.3611111111111,0.03333333333333333,11.516666666666666,0.15066666666666667,0.15661111111111112,20.30277777777778,0.3083333333333333,0.016666666666666666,0.0,0.0,0.0,17.71111111111111,0.05,1.4833333333333334,1.9500000000000002,0.03333333333333333,71.66666666666667,3.4016666666666664,0.0475,0.15363888888888888,-0.0017500000000000016,0.29636111111111113,0,0.472222222222225,-0.27499999999999997,-3.3516666666666666,2.3120370370370367,0.0,0.0,-1.0,-1.8369701987210297e-16,-0.9997685019798909,0.021516097436222233,0,1.0,0,0.0,0,LOW
Moderate Relief,2026-10-03 00:00:00,17.047222222222224,77.6388888888889,0.0,11.027777777777779,0.15044444444444446,0.15672222222222223,17.63611111111111,0.17666666666666667,0.03333333333333333,0.016666666666666666,0.0,0.05000000000000001,15.930555555555555,0.05,1.4333333333333333,1.7833333333333334,0.03333333333333333,77.6388888888889,3.395,0.040375,0.15358333333333335,-0.000222222222222207,0.29641666666666666,0,1.116666666666669,-0.17666666666666667,-3.345,0.0,0.05000000000000001,0.03333333333333334,0.0,1.0,-0.9992500112396835,0.03872228089217399,0,1.0,0,0.0,0,LOW
Moderate Relief,2026-10-03 06:00:00,19.04444444444444,69.0,0.26666666666666666,12.991666666666667,0.15058333333333332,0.15683333333333335,18.572222222222223,0.8466666666666668,0.0,0.03333333333333333,0.0,1.3166666666666667,18.21666666666667,0.31666666666666665,0.3833333333333333,1.7833333333333332,0.26666666666666666,77.6388888888889,3.3449999999999998,0.29075,0.15370833333333334,0.0001388888888888551,0.2962916666666667,0,0.8277777777777722,-0.5800000000000001,-3.0283333333333333,18.4,0.4166666666666667,0.2777777777777778,1.0,6.123233995736766e-17,-0.9992500112396835,0.03872228089217399,0,1.0,0,0.0,0,LOW
Moderate Relief,2026-10-03 12:00:00,22.76388888888889,54.25,0.35000000000000003,14.636111111111111,0.15072222222222223,0.15683333333333335,24.505555555555556,1.9316666666666666,0.26666666666666666,0.0,0.016666666666666666,0.06666666666666667,21.741666666666664,0.65,0.6666666666666667,2.1,0.35000000000000003,77.6388888888889,3.2633333333333336,0.5853667708333333,0.1537777777777778,0.0001388888888889106,0.2962222222222222,0,1.0222222222222257,-1.5816666666666666,-2.6133333333333337,18.9875,0.5333333333333333,0.3555555555555555,1.2246467991473532e-16,-1.0,-0.9992500112396835,0.03872228089217399,0,1.0,0,0.0,0,LOW
Moderate Relief,2026-10-03 18:00:00,18.875,72.97222222222221,0.45,11.958333333333334,0.15319444444444444,0.157,21.088888888888892,0.27999999999999997,0.35000000000000003,0.26666666666666666,0.03333333333333333,0.0,18.183333333333334,1.0666666666666667,1.1166666666666667,2.5500000000000003,0.45,77.6388888888889,3.235,0.957566875,0.15509722222222222,0.002472222222222209,0.2949027777777778,0,0.6916666666666664,0.17000000000000004,-2.168333333333333,32.8375,0.75,0.5,-1.0,-1.8369701987210297e-16,-0.9992500112396835,0.03872228089217399,0,1.0,0,0.0,0,LOW
Moderate Relief,2026-10-04 00:00:00,16.716666666666665,75.83333333333333,0.7000000000000001,12.674999999999999,0.16372222222222224,0.157,17.855555555555554,0.21000000000000005,0.45,0.35000000000000003,0.0,0.0,17.047222222222224,1.7666666666666666,1.8166666666666669,3.2,0.7000000000000001,75.83333333333333,3.268333333333333,1.335375,0.16036111111111112,0.010527777777777803,0.2896388888888889,0,-0.33055555555555927,0.49,-1.5016666666666665,53.083333333333336,1.05,0.7,0.0,1.0,-0.9984354211555643,0.05591699010060302,0,1.0,0,0.0,0,LOW
Moderate Relief,2026-10-04 06:00:00,19.061111111111114,65.91666666666667,0.0,16.005555555555556,0.15744444444444444,0.15705555555555556,18.51388888888889,0.9333333333333332,0.7000000000000001,0.45,0.26666666666666666,0.0,19.04444444444444,1.5,1.8166666666666669,1.8833333333333333,0.7000000000000001,75.83333333333333,3.3549999999999995,1.0593266666666667,0.15725,-0.006277777777777799,0.29275,0,0.016666666666672825,-0.9333333333333332,-1.8549999999999995,0.0,0.6833333333333333,0.45555555555555555,1.0,6.123233995736766e-17,-0.9984354211555643,0.05591699010060302,0,1.0,0,0.0,0,LOW
Moderate Relief,2026-10-04 12:00:00,22.038888888888888,53.833333333333336,0.0,20.125000000000004,0.15458333333333335,0.15741666666666668,24.169444444444448,1.9500000000000002,0.0,0.7000000000000001,0.35000000000000003,0.016666666666666666,22.76388888888889,1.1500000000000001,1.8000000000000003,1.8166666666666669,0.7000000000000001,75.83333333333333,3.3733333333333335,0.6884521875,0.15600000000000003,-0.002861111111111092,0.294,0,-0.7250000000000014,-1.9500000000000002,-2.2233333333333336,0.0,0.5666666666666667,0.37777777777777777,1.2246467991473532e-16,-1.0,-0.9984354211555643,0.05591699010060302,0,1.0,0,0.0,0,LOW
Moderate Relief,2026-10-04 18:00:00,18.563888888888894,69.63888888888889,0.21666666666666667,17.538888888888888,0.15458333333333335,0.15863888888888888,20.836111111111112,0.36999999999999994,0.0,0.0,0.45,0.03333333333333333,18.875,0.9166666666666667,1.9833333333333334,2.0333333333333337,0.7000000000000001,75.83333333333333,3.463333333333334,0.4515694791666667,0.15661111111111112,0.0,0.2933888888888889,0,-0.31111111111110645,-0.15333333333333327,-2.546666666666667,15.088425925925925,1.5166666666666668,1.011111111111111,-1.0,-1.8369701987210297e-16,-0.9984354211555643,0.05591699010060302,0,1.0,0,0.0,0,LOW
Moderate Relief,2026-10-05 00:00:00,16.769444444444446,75.13888888888889,0.19999999999999998,16.855555555555554,0.15825,0.15916666666666665,17.605555555555558,0.285,0.21666666666666667,0.0,0.7000000000000001,0.0,16.716666666666665,0.41666666666666663,2.1833333333333336,2.233333333333334,0.21666666666666667,75.13888888888889,3.5383333333333336,0.7495710416666668,0.15870833333333334,0.0036666666666666514,0.29129166666666667,0,0.0527777777777807,-0.08499999999999999,-3.121666666666667,15.027777777777775,1.3166666666666667,0.8777777777777778,0.0,1.0,-0.9973249731081555,0.07309512989807776,0,1.0,0,0.0,0,LOW
Moderate Relief,2026-10-05 06:00:00,18.23888888888889,66.16666666666667,0.2833333333333333,18.861111111111114,0.16127777777777777,0.16024999999999998,18.019444444444446,0.8700000000000001,0.19999999999999998,0.21666666666666667,0.0,0.26666666666666666,19.061111111111114,0.7,2.2,2.516666666666667,0.2833333333333333,75.13888888888889,3.4750000000000005,0.609875,0.16076388888888887,0.003027777777777768,0.28923611111111114,0,-0.8222222222222229,-0.5866666666666668,-2.7750000000000004,18.747222222222224,1.65,1.0999999999999999,1.0,6.123233995736766e-17,-0.9973249731081555,0.07309512989807776,0,1.0,0,0.0,0,LOW
Moderate Relief,2026-10-05 12:00:00,21.944444444444443,49.55555555555555,0.03333333333333333,20.352777777777778,0.15966666666666665,0.1602777777777778,23.399999999999995,1.9450000000000003,0.2833333333333333,0.19999999999999998,0.0,0.35000000000000003,22.038888888888888,0.7333333333333333,1.8833333333333335,2.5333333333333337,0.2833333333333333,75.13888888888889,3.47,0.41866666666666663,0.15997222222222224,-0.0016111111111111187,0.2900277777777778,0,-0.094444444444445,-1.9116666666666668,-2.736666666666667,1.6518518518518517,1.6833333333333333,1.1222222222222222,1.2246467991473532e-16,-1.0,-0.9973249731081555,0.07309512989807776,0,1.0,0,0.0,0,LOW
Moderate Relief,2026-10-05 18:00:00,18.233333333333334,70.30555555555556,0.0,15.375,0.15625,0.1605,20.419444444444444,0.3316666666666666,0.03333333333333333,0.2833333333333333,0.21666666666666667,0.45,18.563888888888894,0.5166666666666666,1.4333333333333333,2.5,0.2833333333333333,75.13888888888889,3.431666666666667,0.3461430208333333,0.158375,-0.003416666666666651,0.291625,0,-0.33055555555555927,-0.3316666666666666,-2.9150000000000005,0.0,0.5666666666666667,0.37777777777777777,-1.0,-1.8369701987210297e-16,-0.9973249731081555,0.07309512989807776,0,1.0,0,0.0,0,LOW
Moderate Relief,2026-10-06 00:00:00,16.502777777777776,77.6388888888889,0.11666666666666668,15.263888888888888,0.15599999999999997,0.16033333333333333,17.675,0.205,0.0,0.03333333333333333,0.19999999999999998,0.7000000000000001,16.769444444444446,0.43333333333333335,0.85,2.6166666666666667,0.2833333333333333,77.6388888888889,3.351666666666667,0.24515125,0.15816666666666665,-0.000250000000000028,0.2918333333333334,0,-0.26666666666666927,-0.0883333333333333,-2.918333333333334,9.057870370370372,0.5166666666666666,0.3444444444444444,0.0,1.0,-0.9959189961471792,0.0902516100310407,0,1.0,0,0.0,0,LOW
Moderate Relief,2026-10-06 06:00:00,18.069444444444443,70.94444444444444,2.6166666666666663,17.51388888888889,0.17661111111111114,0.16008333333333333,17.96388888888889,0.7866666666666666,0.11666666666666668,0.0,0.2833333333333333,0.0,18.23888888888889,2.766666666666666,3.4666666666666663,4.966666666666667,2.6166666666666663,77.6388888888889,3.2683333333333335,2.863735104166666,0.16834722222222223,0.020611111111111163,0.28165277777777775,0,-0.16944444444444784,1.8299999999999996,-0.5016666666666674,185.63796296296292,3.0999999999999996,2.0666666666666664,1.0,6.123233995736766e-17,-0.9959189961471792,0.0902516100310407,0,1.0,0,0.0008316008374094963,0,LOW
Moderate Relief,2026-10-06 12:00:00,20.42777777777778,58.16666666666666,0.25,21.727777777777778,0.18144444444444444,0.16102777777777777,22.455555555555552,1.6983333333333333,2.6166666666666663,0.11666666666666668,0.03333333333333333,0.0,21.944444444444443,2.983333333333333,3.7166666666666663,4.866666666666666,2.6166666666666663,77.6388888888889,3.0216666666666665,2.5758585416666664,0.1712361111111111,0.004833333333333301,0.2787638888888889,0,-1.5166666666666622,-1.4483333333333333,-0.03833333333333355,14.541666666666664,3.3166666666666664,2.211111111111111,1.2246467991473532e-16,-1.0,-0.9959189961471792,0.0902516100310407,0,1.0,0,0.0,0,LOW
Moderate Relief,2026-10-06 18:00:00,17.144444444444446,74.16666666666667,0.0,20.194444444444446,0.16361111111111112,0.16083333333333336,19.475,0.3116666666666667,0.25,2.6166666666666663,0.0,0.21666666666666667,18.233333333333334,2.983333333333333,3.4999999999999996,4.416666666666666,2.6166666666666663,77.6388888888889,3.0016666666666665,2.1030416666666665,0.16222222222222224,-0.017833333333333312,0.2877777777777778,0,-1.0888888888888886,-0.3116666666666667,-0.018333333333333535,0.0,3.2666666666666666,2.1777777777777776,-1.0,-1.8369701987210297e-16,-0.9959189961471792,0.0902516100310407,0,1.0,0,0.0,0,LOW
Moderate Relief,2026-10-07 00:00:00,15.797222222222222,78.6111111111111,0.0,18.21388888888889,0.16258333333333336,0.161,17.102777777777778,0.21833333333333335,0.0,0.25,0.11666666666666668,0.19999999999999998,16.502777777777776,2.8666666666666663,3.3,3.7166666666666663,2.6166666666666663,78.6111111111111,3.0149999999999997,0.24152572916666668,0.16179166666666667,-0.0010277777777777664,0.28820833333333334,0,-0.7055555555555539,-0.21833333333333335,-0.14833333333333343,0.0,3.1666666666666665,2.1111111111111107,0.0,1.0,-0.994217906893952,0.10738134666416306,0,1.0,0,0.0,0,LOW
High Relief,2026-09-07 00:00:00,23.833333333333332,69.33333333333333,0.0,9.433333333333334,0.13783333333333334,0.2881666666666666,21.983333333333334,0.22,0.0,0.0,0.0,0.0,0.0,0.0,0.0,0.0,0.0,69.33333333333333,0.22,0.0,0.21299999999999997,0.0,0.23700000000000004,0,0.0,-0.22,-0.22,0.0,0.0,0.0,0.0,1.0,-0.9175836260593934,-0.3975428142825566,0,1.0,0,0.0,0,LOW
High Relief,2026-09-07 06:00:00,25.633333333333336,60.166666666666664,0.0,15.100000000000001,0.13733333333333334,0.28583333333333333,23.0,1.44,0.0,0.0,0.0,0.0,0.0,0.0,0.0,0.0,0.0,69.33333333333333,1.66,0.0,0.21158333333333335,-0.0005000000000000004,0.23841666666666667,0,0.0,-1.44,-1.66,0.0,0.0,0.0,1.0,6.123233995736766e-17,-0.9175836260593934,-0.3975428142825566,0,1.0,0,0.0,0,LOW
High Relief,2026-09-07 12:00:00,29.166666666666668,50.0,0.0,38.03333333333333,0.11866666666666666,0.2836666666666666,28.2,3.1900000000000004,0.0,0.0,0.0,0.0,0.0,0.0,0.0,0.0,0.0,69.33333333333333,4.8500000000000005,0.0,0.20116666666666663,-0.01866666666666668,0.24883333333333338,0,0.0,-3.1900000000000004,-4.8500000000000005,0.0,0.0,0.0,1.2246467991473532e-16,-1.0,-0.9175836260593934,-0.3975428142825566,0,1.0,0,0.0,0,LOW
High Relief,2026-09-07 18:00:00,19.75,61.333333333333336,0.2,46.43333333333334,0.11900000000000001,0.2813333333333334,21.98333333333333,1.03,0.0,0.0,0.0,0.0,0.0,0.2,0.2,0.2,0.2,69.33333333333333,5.880000000000001,0.2,0.2001666666666667,0.00033333333333335213,0.24983333333333332,0,0.0,-0.8300000000000001,-5.680000000000001,12.266666666666667,0.2,0.06666666666666667,-1.0,-1.8369701987210297e-16,-0.9175836260593934,-0.3975428142825566,0,1.0,0,0.0,0,LOW
High Relief,2026-09-08 00:00:00,18.933333333333334,63.833333333333336,0.0,14.516666666666667,0.16333333333333333,0.2795,18.933333333333334,0.3400000000000001,0.2,0.0,0.0,0.0,23.833333333333332,0.2,0.2,0.2,0.2,63.833333333333336,6.000000000000001,0.17,0.22141666666666668,0.04433333333333332,0.22858333333333333,0,-4.899999999999999,-0.3400000000000001,-5.800000000000001,0.0,0.2,0.06666666666666667,0.0,1.0,-0.9242907221930934,-0.3816892202666586,0,1.0,0,0.0,0,LOW
High Relief,2026-09-08 06:00:00,19.2,64.16666666666667,0.1,8.7,0.18033333333333335,0.2783333333333334,19.266666666666666,0.47000000000000003,0.0,0.2,0.0,0.0,25.633333333333336,0.30000000000000004,0.30000000000000004,0.30000000000000004,0.2,64.16666666666667,5.03,0.24450000000000002,0.22933333333333336,0.017000000000000015,0.22066666666666665,0,-6.433333333333337,-0.37,-4.73,6.416666666666668,0.30000000000000004,0.1,1.0,6.123233995736766e-17,-0.9242907221930934,-0.3816892202666586,0,1.0,0,0.0,0,LOW
High Relief,2026-09-08 12:00:00,20.45,66.83333333333333,0.1,11.333333333333336,0.16466666666666668,0.2768333333333334,22.75,0.97,0.1,0.0,0.0,0.0,29.166666666666668,0.4,0.4,0.4,0.2,66.83333333333333,2.81,0.185,0.22075000000000003,-0.015666666666666662,0.22924999999999998,0,-8.716666666666669,-0.87,-2.41,6.683333333333334,0.4,0.13333333333333333,1.2246467991473532e-16,-1.0,-0.9242907221930934,-0.3816892202666586,0,1.0,0,0.0,0,LOW
High Relief,2026-09-08 18:00:00,18.7,78.16666666666667,0.0,14.183333333333335,0.15516666666666667,0.2755,19.95,0.25,0.1,0.1,0.2,0.0,19.75,0.2,0.4,0.4,0.1,78.16666666666667,2.0300000000000002,0.26165125,0.21533333333333335,-0.009500000000000008,0.23466666666666666,0,-1.0500000000000007,-0.25,-1.8300000000000003,0.0,0.2,0.06666666666666667,-1.0,-1.8369701987210297e-16,-0.9242907221930934,-0.3816892202666586,0,1.0,0,0.0,0,LOW
High Relief,2026-09-09 00:00:00,15.816666666666668,85.83333333333333,0.0,4.683333333333334,0.15616666666666668,0.274,16.76666666666667,0.0,0.0,0.1,0.0,0.0,18.933333333333334,0.2,0.4,0.4,0.1,85.83333333333333,1.69,0.07225000000000001,0.21508333333333335,0.0010000000000000009,0.23491666666666666,0,-3.1166666666666654,0.0,-1.49,0.0,0.2,0.06666666666666667,0.0,1.0,-0.9307239310379793,-0.3657225234972692,0,1.0,0,0.0008316008374094963,0,LOW
High Relief,2026-09-09 06:00:00,18.2,72.66666666666667,0.0,5.333333333333333,0.15633333333333335,0.27266666666666667,18.2,0.93,0.0,0.0,0.1,0.0,19.2,0.1,0.4,0.4,0.1,85.83333333333333,2.15,0.052200625,0.21450000000000002,0.00016666666666667607,0.2355,0,-1.0,-0.93,-2.05,0.0,0.1,0.03333333333333333,1.0,6.123233995736766e-17,-0.9307239310379793,-0.3657225234972692,0,1.0,0,0.0,0,LOW
High Relief,2026-09-09 12:00:00,23.7,54.333333333333336,0.0,16.849999999999998,0.13683333333333333,0.27133333333333337,24.21666666666667,2.0100000000000002,0.0,0.0,0.1,0.0,20.45,0.0,0.4,0.4,0.0,85.83333333333333,3.1900000000000004,0.052200625,0.20408333333333334,-0.019500000000000017,0.24591666666666667,0,3.25,-2.0100000000000002,-3.1900000000000004,0.0,0.0,0.0,1.2246467991473532e-16,-1.0,-0.9307239310379793,-0.3657225234972692,0,1.0,0,0.0,0,LOW
High Relief,2026-09-09 18:00:00,21.46666666666667,68.0,0.0,7.433333333333333,0.1275,0.2696666666666667,20.683333333333334,0.25999999999999995,0.0,0.0,0.0,0.2,18.7,0.0,0.2,0.4,0.0,85.83333333333333,3.2,0.0,0.19858333333333336,-0.009333333333333332,0.2514166666666666,0,2.7666666666666693,-0.25999999999999995,-3.2,0.0,0.0,0.0,-1.0,-1.8369701987210297e-16,-0.9307239310379793,-0.3657225234972692,0,1.0,0,0.0,0,LOW
High Relief,2026-09-10 00:00:00,20.183333333333337,75.5,0.0,7.05,0.13033333333333333,0.26833333333333337,19.166666666666668,0.07999999999999999,0.0,0.0,0.0,0.0,15.816666666666668,0.0,0.2,0.4,0.0,75.5,3.2800000000000002,0.0,0.19933333333333336,0.0028333333333333266,0.25066666666666665,0,4.366666666666669,-0.07999999999999999,-3.2800000000000002,0.0,0.0,0.0,0.0,1.0,-0.9368813462954315,-0.34964745525122826,0,1.0,0,0.0,0,LOW
High Relief,2026-09-10 06:00:00,20.233333333333334,78.83333333333333,0.0,13.683333333333332,0.13083333333333333,0.26699999999999996,19.950000000000003,0.51,0.0,0.0,0.0,0.1,18.2,0.0,0.1,0.4,0.0,78.83333333333333,2.8600000000000003,0.0,0.19891666666666663,0.0005000000000000004,0.2510833333333334,0,2.033333333333335,-0.51,-2.8600000000000003,0.0,0.0,0.0,1.0,6.123233995736766e-17,-0.9368813462954315,-0.34964745525122826,0,1.0,0,0.0,0,LOW
High Relief,2026-09-10 12:00:00,22.03333333333333,65.66666666666667,0.0,18.499999999999996,0.11816666666666666,0.26550000000000007,24.95,1.24,0.0,0.0,0.0,0.1,23.7,0.0,0.0,0.4,0.0,78.83333333333333,2.09,0.0,0.19183333333333336,-0.012666666666666673,0.25816666666666666,0,-1.6666666666666679,-1.24,-2.09,0.0,0.0,0.0,1.2246467991473532e-16,-1.0,-0.9368813462954315,-0.34964745525122826,0,1.0,0,0.0,0,LOW
High Relief,2026-09-10 18:00:00,20.783333333333335,77.16666666666667,0.0,11.966666666666663,0.11,0.264,22.066666666666663,0.27,0.0,0.0,0.0,0.0,21.46666666666667,0.0,0.0,0.2,0.0,78.83333333333333,2.1,0.0,0.187,-0.008166666666666655,0.263,0,-0.6833333333333336,-0.27,-2.1,0.0,0.0,0.0,-1.0,-1.8369701987210297e-16,-0.9368813462954315,-0.34964745525122826,0,1.0,0,0.0,0,LOW
High Relief,2026-09-11 00:00:00,17.733333333333334,89.0,0.0,4.533333333333333,0.11316666666666668,0.2625,19.150000000000002,0.0,0.0,0.0,0.0,0.0,20.183333333333337,0.0,0.0,0.2,0.0,89.0,2.02,0.0,0.18783333333333335,0.0031666666666666787,0.26216666666666666,0,-2.450000000000003,0.0,-2.02,0.0,0.0,0.0,0.0,1.0,-0.9427611433904206,-0.33346877891818705,0,1.0,0,0.013282948173582554,0,LOW
High Relief,2026-09-11 06:00:00,19.816666666666666,64.66666666666667,0.0,3.9166666666666665,0.1135,0.26100000000000007,20.583333333333332,0.95,0.0,0.0,0.0,0.0,20.233333333333334,0.0,0.0,0.1,0.0,89.0,2.46,0.0,0.18725000000000003,0.0003333333333333244,0.26275,0,-0.41666666666666785,-0.95,-2.46,0.0,0.0,0.0,1.0,6.123233995736766e-17,-0.9427611433904206,-0.33346877891818705,0,1.0,0,0.0,0,LOW
High Relief,2026-09-11 12:00:00,27.03333333333333,32.166666666666664,0.0,9.033333333333333,0.113,0.26,26.7,2.8300000000000005,0.0,0.0,0.0,0.0,22.03333333333333,0.0,0.0,0.0,0.0,89.0,4.050000000000001,0.0,0.1865,-0.0005000000000000004,0.2635,0,5.0,-2.8300000000000005,-4.050000000000001,0.0,0.0,0.0,1.2246467991473532e-16,-1.0,-0.9427611433904206,-0.33346877891818705,0,1.0,0,0.0,0,LOW
High Relief,2026-09-11 18:00:00,22.299999999999997,59.166666666666664,0.0,5.933333333333334,0.113,0.2585,23.150000000000002,0.35000000000000003,0.0,0.0,0.0,0.0,20.783333333333335,0.0,0.0,0.0,0.0,89.0,4.13,0.0,0.18575,0.0,0.26425,0,1.5166666666666622,-0.35000000000000003,-4.13,0.0,0.0,0.0,-1.0,-1.8369701987210297e-16,-0.9427611433904206,-0.33346877891818705,0,1.0,0,0.0,0,LOW
High Relief,2026-09-12 00:00:00,18.599999999999998,91.0,0.0,4.45,0.11616666666666668,0.25750000000000006,19.683333333333334,0.0,0.0,0.0,0.0,0.0,17.733333333333334,0.0,0.0,0.0,0.0,91.0,4.13,0.0,0.18683333333333338,0.0031666666666666787,0.26316666666666666,0,0.8666666666666636,0.0,-4.13,0.0,0.0,0.0,0.0,1.0,-0.9483615800121716,-0.31719128858910595,0,1.0,0,0.024322878569364548,0,LOW
High Relief,2026-09-12 06:00:00,20.899999999999995,77.83333333333333,0.0,8.583333333333334,0.118,0.2565,20.933333333333334,0.9400000000000001,0.0,0.0,0.0,0.0,19.816666666666666,0.0,0.0,0.0,0.0,91.0,4.120000000000001,0.0,0.18725,0.0018333333333333118,0.26275000000000004,0,1.0833333333333286,-0.9400000000000001,-4.120000000000001,0.0,0.0,0.0,1.0,6.123233995736766e-17,-0.9483615800121716,-0.31719128858910595,0,1.0,0,0.0,0,LOW
High Relief,2026-09-12 12:00:00,25.549999999999997,58.833333333333336,0.0,20.7,0.106,0.25499999999999995,26.13333333333333,2.35,0.0,0.0,0.0,0.0,27.03333333333333,0.0,0.0,0.0,0.0,91.0,3.64,0.0,0.18049999999999997,-0.011999999999999997,0.2695000000000001,0,-1.4833333333333343,-2.35,-3.64,0.0,0.0,0.0,1.2246467991473532e-16,-1.0,-0.9483615800121716,-0.31719128858910595,0,1.0,0,0.0,0,LOW
High Relief,2026-09-12 18:00:00,22.399999999999995,72.16666666666667,0.0,12.649999999999999,0.09816666666666667,0.25350000000000006,22.599999999999998,0.37,0.0,0.0,0.0,0.0,22.299999999999997,0.0,0.0,0.0,0.0,91.0,3.66,0.0,0.17583333333333337,-0.007833333333333331,0.27416666666666667,0,0.09999999999999787,-0.37,-3.66,0.0,0.0,0.0,-1.0,-1.8369701987210297e-16,-0.9483615800121716,-0.31719128858910595,0,1.0,0,0.0,0,LOW
High Relief,2026-09-13 00:00:00,19.6,87.5,0.0,4.283333333333333,0.10099999999999999,0.25216666666666665,19.46666666666667,0.0,0.0,0.0,0.0,0.0,18.599999999999998,0.0,0.0,0.0,0.0,87.5,3.66,0.0,0.17658333333333331,0.0028333333333333266,0.2734166666666667,0,1.0000000000000036,0.0,-3.66,0.0,0.0,0.0,0.0,1.0,-0.9536809966304455,-0.300819807635668,0,1.0,0,0.008901303634047508,0,LOW
High Relief,2026-09-13 06:00:00,22.25,77.16666666666667,0.0,12.950000000000001,0.10133333333333333,0.25133333333333335,21.916666666666668,0.8800000000000001,0.0,0.0,0.0,0.0,20.899999999999995,0.0,0.0,0.0,0.0,87.5,3.6000000000000005,0.0,0.17633333333333334,0.00033333333333333826,0.27366666666666667,0,1.350000000000005,-0.8800000000000001,-3.6000000000000005,0.0,0.0,0.0,1.0,6.123233995736766e-17,-0.9536809966304455,-0.300819807635668,0,1.0,0,0.0,0,LOW
High Relief,2026-09-13 12:00:00,26.399999999999995,63.333333333333336,0.0,26.75,0.0815,0.25033333333333335,27.066666666666666,2.17,0.0,0.0,0.0,0.0,25.549999999999997,0.0,0.0,0.0,0.0,87.5,3.42,0.0,0.16591666666666668,-0.019833333333333328,0.28408333333333335,0,0.8499999999999979,-2.17,-3.42,0.0,0.0,0.0,1.2246467991473532e-16,-1.0,-0.9536809966304455,-0.300819807635668,0,1.0,0,0.0,0,LOW
High Relief,2026-09-13 18:00:00,23.049999999999997,79.33333333333333,0.0,12.799999999999999,0.0725,0.24933333333333332,23.95,0.28,0.0,0.0,0.0,0.0,22.399999999999995,0.0,0.0,0.0,0.0,87.5,3.33,0.0,0.16091666666666665,-0.009000000000000008,0.28908333333333336,0,0.6500000000000021,-0.28,-3.33,0.0,0.0,0.0,-1.0,-1.8369701987210297e-16,-0.9536809966304455,-0.300819807635668,0,1.0,0,0.0,0,LOW
High Relief,2026-09-14 00:00:00,20.200000000000003,88.0,0.0,6.016666666666667,0.07516666666666667,0.24833333333333332,19.849999999999998,0.0,0.0,0.0,0.0,0.0,19.6,0.0,0.0,0.0,0.0,88.0,3.33,0.0,0.16175,0.0026666666666666783,0.28825,0,0.6000000000000014,0.0,-3.33,0.0,0.0,0.0,0.0,1.0,-0.9587178169872964,-0.2843591872810036,0,1.0,0,0.008901303634047508,0,LOW
High Relief,2026-09-14 06:00:00,23.433333333333334,72.5,0.0,13.133333333333333,0.07566666666666667,0.24650000000000002,22.133333333333336,1.17,0.0,0.0,0.0,0.0,22.25,0.0,0.0,0.0,0.0,88.0,3.62,0.0,0.16108333333333336,0.0005000000000000004,0.28891666666666665,0,1.1833333333333336,-1.17,-3.62,0.0,0.0,0.0,1.0,6.123233995736766e-17,-0.9587178169872964,-0.2843591872810036,0,1.0,0,0.0,0,LOW
High Relief,2026-09-14 12:00:00,26.483333333333334,59.0,0.0,19.083333333333332,0.058166666666666665,0.24516666666666667,28.25,2.74,0.0,0.0,0.0,0.0,26.399999999999995,0.0,0.0,0.0,0.0,88.0,4.19,0.0,0.15166666666666667,-0.01750000000000001,0.29833333333333334,0,0.08333333333333925,-2.74,-4.19,0.0,0.0,0.0,1.2246467991473532e-16,-1.0,-0.9587178169872964,-0.2843591872810036,0,1.0,0,0.0,0,LOW
High Relief,2026-09-14 18:00:00,23.483333333333334,80.0,0.0,13.866666666666667,0.050499999999999996,0.24433333333333332,24.916666666666668,0.33,0.0,0.0,0.0,0.0,23.049999999999997,0.0,0.0,0.0,0.0,88.0,4.24,0.0,0.14741666666666667,-0.007666666666666669,0.3025833333333333,0,0.4333333333333371,-0.33,-4.24,0.0,0.0,0.0,-1.0,-1.8369701987210297e-16,-0.9587178169872964,-0.2843591872810036,0,1.0,0,0.0,0,LOW
High Relief,2026-09-15 00:00:00,19.683333333333334,93.83333333333333,0.0,8.9,0.05333333333333334,0.24333333333333332,20.166666666666668,0.0,0.0,0.0,0.0,0.0,20.200000000000003,0.0,0.0,0.0,0.0,93.83333333333333,4.24,0.0,0.14833333333333332,0.0028333333333333405,0.3016666666666667,0,-0.5166666666666693,0.0,-4.24,0.0,0.0,0.0,0.0,1.0,-0.9634705485641486,-0.26781430516217486,0,1.0,0,0.008901303634047508,0,LOW
High Relief,2026-09-15 06:00:00,23.783333333333335,70.33333333333333,0.0,12.65,0.05516666666666667,0.24149999999999996,22.48333333333333,1.22,0.0,0.0,0.0,0.0,23.433333333333334,0.0,0.0,0.0,0.0,93.83333333333333,4.29,0.0,0.14833333333333332,0.0018333333333333326,0.3016666666666667,0,0.3500000000000014,-1.22,-4.29,0.0,0.0,0.0,1.0,6.123233995736766e-17,-0.9634705485641486,-0.26781430516217486,0,1.0,0,0.0,0,LOW
High Relief,2026-09-15 12:00:00,27.600000000000005,48.0,0.0,18.55,0.04016666666666667,0.24016666666666667,29.416666666666668,3.0,0.0,0.0,0.0,0.0,26.483333333333334,0.0,0.0,0.0,0.0,93.83333333333333,4.55,0.0,0.14016666666666666,-0.015,0.30983333333333335,0,1.1166666666666707,-3.0,-4.55,0.0,0.0,0.0,1.2246467991473532e-16,-1.0,-0.9634705485641486,-0.26781430516217486,0,1.0,0,0.0,0,LOW
High Relief,2026-09-15 18:00:00,23.71666666666667,69.0,0.0,12.033333333333333,0.034333333333333334,0.23933333333333331,25.21666666666667,0.43000000000000005,0.0,0.0,0.0,0.0,23.483333333333334,0.0,0.0,0.0,0.0,93.83333333333333,4.6499999999999995,0.0,0.13683333333333333,-0.005833333333333336,0.3131666666666667,0,0.23333333333333428,-0.43000000000000005,-4.6499999999999995,0.0,0.0,0.0,-1.0,-1.8369701987210297e-16,-0.9634705485641486,-0.26781430516217486,0,1.0,0,0.0,0,LOW
High Relief,2026-09-16 00:00:00,19.46666666666667,85.0,0.0,8.399999999999999,0.038,0.2383333333333333,19.516666666666666,0.02,0.0,0.0,0.0,0.0,19.683333333333334,0.0,0.0,0.0,0.0,85.0,4.669999999999999,0.0,0.13816666666666666,0.0036666666666666653,0.31183333333333335,0,-0.216666666666665,-0.02,-4.669999999999999,0.0,0.0,0.0,0.0,1.0,-0.9679377830240641,-0.25119006388481957,0,1.0,0,0.0008316008374094963,0,LOW
High Relief,2026-09-16 06:00:00,24.499999999999996,63.166666666666664,0.0,15.416666666666666,0.03933333333333334,0.2373333333333333,22.066666666666666,1.3599999999999999,0.0,0.0,0.0,0.0,23.783333333333335,0.0,0.0,0.0,0.0,85.0,4.8100000000000005,0.0,0.13833333333333334,0.0013333333333333391,0.31166666666666665,0,0.7166666666666615,-1.3599999999999999,-4.8100000000000005,0.0,0.0,0.0,1.0,6.123233995736766e-17,-0.9679377830240641,-0.25119006388481957,0,1.0,0,0.0,0,LOW
High Relief,2026-09-16 12:00:00,27.600000000000005,53.0,0.0,23.349999999999998,0.029333333333333333,0.2363333333333333,29.916666666666668,2.96,0.0,0.0,0.0,0.0,27.600000000000005,0.0,0.0,0.0,0.0,85.0,4.77,0.0,0.13283333333333333,-0.010000000000000005,0.3171666666666667,0,0.0,-2.96,-4.77,0.0,0.0,0.0,1.2246467991473532e-16,-1.0,-0.9679377830240641,-0.25119006388481957,0,1.0,0,0.0,0,LOW
High Relief,2026-09-16 18:00:00,23.849999999999998,81.66666666666667,0.0,17.05,0.026333333333333334,0.23450000000000001,26.083333333333332,0.35000000000000003,0.0,0.0,0.0,0.0,23.71666666666667,0.0,0.0,0.0,0.0,85.0,4.6899999999999995,0.0,0.13041666666666668,-0.002999999999999999,0.31958333333333333,0,0.1333333333333293,-0.35000000000000003,-4.6899999999999995,0.0,0.0,0.0,-1.0,-1.8369701987210297e-16,-0.9679377830240641,-0.25119006388481957,0,1.0,0,0.0,0,LOW
High Relief,2026-09-17 00:00:00,20.85,98.0,0.0,11.850000000000001,0.02916666666666667,0.23316666666666672,21.2,0.0,0.0,0.0,0.0,0.0,19.46666666666667,0.0,0.0,0.0,0.0,98.0,4.67,0.0,0.13116666666666668,0.002833333333333337,0.3188333333333333,0,1.3833333333333329,0.0,-4.67,0.0,0.0,0.0,0.0,1.0,-0.9721181966290612,-0.23449138957041052,0,1.0,0,0.0009756096638739109,0,LOW
High Relief,2026-09-17 06:00:00,24.8,77.5,0.0,19.483333333333334,0.03233333333333333,0.23233333333333336,23.766666666666666,1.15,0.0,0.0,0.0,0.0,24.499999999999996,0.0,0.0,0.0,0.0,98.0,4.46,0.0,0.13233333333333336,0.0031666666666666614,0.31766666666666665,0,0.30000000000000426,-1.15,-4.46,0.0,0.0,0.0,1.0,6.123233995736766e-17,-0.9721181966290612,-0.23449138957041052,0,1.0,0,0.0,0,LOW
High Relief,2026-09-17 12:00:00,28.133333333333336,64.16666666666667,0.0,20.23333333333333,0.02666666666666666,0.23133333333333336,31.400000000000002,2.67,0.0,0.0,0.0,0.0,27.600000000000005,0.0,0.0,0.0,0.0,98.0,4.17,0.0,0.129,-0.0056666666666666705,0.321,0,0.5333333333333314,-2.67,-4.17,0.0,0.0,0.0,1.2246467991473532e-16,-1.0,-0.9721181966290612,-0.23449138957041052,0,1.0,0,0.0,0,LOW
High Relief,2026-09-17 18:00:00,24.25,84.5,0.0,7.916666666666667,0.024499999999999997,0.23033333333333336,27.0,0.18,0.0,0.0,0.0,0.0,23.849999999999998,0.0,0.0,0.0,0.0,98.0,4.0,0.0,0.12741666666666668,-0.002166666666666664,0.32258333333333333,0,0.40000000000000213,-0.18,-4.0,0.0,0.0,0.0,-1.0,-1.8369701987210297e-16,-0.9721181966290612,-0.23449138957041052,0,1.0,0,0.0,0,LOW
High Relief,2026-09-18 00:00:00,21.916666666666668,93.5,0.0,19.116666666666667,0.027333333333333334,0.2291666666666667,22.083333333333332,0.05,0.0,0.0,0.0,0.0,20.85,0.0,0.0,0.0,0.0,93.5,4.05,0.0,0.12825000000000003,0.002833333333333337,0.32175,0,1.0666666666666664,-0.05,-4.05,0.0,0.0,0.0,0.0,1.0,-0.9760105506323682,-0.21772323039653224,0,1.0,0,0.0009756097570061684,0,LOW
High Relief,2026-09-18 06:00:00,26.03333333333333,66.5,0.0,27.75,0.02816666666666667,0.229,24.7,1.5,0.0,0.0,0.0,0.0,24.8,0.0,0.0,0.0,0.0,93.5,4.4,0.0,0.12858333333333333,0.0008333333333333352,0.3214166666666667,0,1.2333333333333307,-1.5,-4.4,0.0,0.0,0.0,1.0,6.123233995736766e-17,-0.9760105506323682,-0.21772323039653224,0,1.0,0,0.0,0,LOW
High Relief,2026-09-18 12:00:00,27.600000000000005,58.0,0.0,32.6,0.022833333333333334,0.22833333333333336,31.483333333333334,2.84,0.0,0.0,0.0,0.0,28.133333333333336,0.0,0.0,0.0,0.0,93.5,4.57,0.0,0.12558333333333335,-0.005333333333333336,0.3244166666666667,0,-0.5333333333333314,-2.84,-4.57,0.0,0.0,0.0,1.2246467991473532e-16,-1.0,-0.9760105506323682,-0.21772323039653224,0,1.0,0,0.0,0,LOW
High Relief,2026-09-18 18:00:00,24.25,74.0,0.0,26.333333333333332,0.021499999999999995,0.22733333333333336,27.183333333333337,0.6000000000000001,0.0,0.0,0.0,0.0,24.25,0.0,0.0,0.0,0.0,93.5,4.99,0.0,0.12441666666666668,-0.0013333333333333391,0.32558333333333334,0,0.0,-0.6000000000000001,-4.99,0.0,0.0,0.0,-1.0,-1.8369701987210297e-16,-0.9760105506323682,-0.21772323039653224,0,1.0,0,0.0,0,LOW
High Relief,2026-09-19 00:00:00,22.166666666666668,82.16666666666667,0.0,18.616666666666667,0.023499999999999997,0.22616666666666665,22.533333333333335,0.21000000000000002,0.0,0.0,0.0,0.0,21.916666666666668,0.0,0.0,0.0,0.0,82.16666666666667,5.1499999999999995,0.0,0.12483333333333332,0.0020000000000000018,0.3251666666666667,0,0.25,-0.21000000000000002,-5.1499999999999995,0.0,0.0,0.0,0.0,1.0,-0.9796136916454901,-0.20089055513063528,0,1.0,0,0.0,0,LOW
High Relief,2026-09-19 06:00:00,25.55,62.833333333333336,0.0,22.28333333333333,0.02383333333333333,0.2251666666666667,24.816666666666666,1.46,0.0,0.0,0.0,0.0,26.03333333333333,0.0,0.0,0.0,0.0,82.16666666666667,5.109999999999999,0.0,0.12450000000000003,0.0003333333333333348,0.3255,0,-0.48333333333333073,-1.46,-5.109999999999999,0.0,0.0,0.0,1.0,6.123233995736766e-17,-0.9796136916454901,-0.20089055513063528,0,1.0,0,0.0,0,LOW
High Relief,2026-09-19 12:00:00,27.91666666666667,53.0,0.0,25.566666666666666,0.02016666666666667,0.22433333333333336,32.04999999999999,2.88,0.0,0.0,0.0,0.0,27.600000000000005,0.0,0.0,0.0,0.0,82.16666666666667,5.15,0.0,0.12225000000000001,-0.003666666666666662,0.32775,0,0.31666666666666643,-2.88,-5.15,0.0,0.0,0.0,1.2246467991473532e-16,-1.0,-0.9796136916454901,-0.20089055513063528,0,1.0,0,0.0,0,LOW
High Relief,2026-09-19 18:00:00,24.21666666666667,76.33333333333333,0.0,15.699999999999998,0.0195,0.22333333333333336,27.616666666666664,0.4,0.0,0.0,0.0,0.0,24.25,0.0,0.0,0.0,0.0,82.16666666666667,4.95,0.0,0.12141666666666667,-0.0006666666666666696,0.32858333333333334,0,-0.03333333333333144,-0.4,-4.95,0.0,0.0,0.0,-1.0,-1.8369701987210297e-16,-0.9796136916454901,-0.20089055513063528,0,1.0,0,0.0,0,LOW
High Relief,2026-09-20 00:00:00,21.150000000000002,92.5,0.0,10.4,0.021499999999999995,0.22233333333333336,22.150000000000002,0.01,0.0,0.0,0.0,0.0,22.166666666666668,0.0,0.0,0.0,0.0,92.5,4.75,0.0,0.12191666666666667,0.001999999999999995,0.32808333333333334,0,-1.0166666666666657,-0.01,-4.75,0.0,0.0,0.0,0.0,1.0,-0.9829265519799822,-0.18399835165767986,0,1.0,0,0.0009756097570061684,0,LOW
High Relief,2026-09-20 06:00:00,24.916666666666668,68.16666666666667,0.0,12.133333333333333,0.023666666666666666,0.2211666666666667,24.816666666666663,1.2,0.0,0.0,0.0,0.0,25.55,0.0,0.0,0.0,0.0,92.5,4.489999999999999,0.0,0.12241666666666669,0.002166666666666671,0.32758333333333334,0,-0.6333333333333329,-1.2,-4.489999999999999,0.0,0.0,0.0,1.0,6.123233995736766e-17,-0.9829265519799822,-0.18399835165767986,0,1.0,0,0.0,0,LOW
High Relief,2026-09-20 12:00:00,28.900000000000002,52.333333333333336,0.0,9.133333333333335,0.01966666666666667,0.221,34.1,2.71,0.0,0.0,0.0,0.0,27.91666666666667,0.0,0.0,0.0,0.0,92.5,4.32,0.0,0.12033333333333333,-0.003999999999999997,0.32966666666666666,0,0.9833333333333307,-2.71,-4.32,0.0,0.0,0.0,1.2246467991473532e-16,-1.0,-0.9829265519799822,-0.18399835165767986,0,1.0,0,0.0,0,LOW
High Relief,2026-09-20 18:00:00,25.916666666666668,64.33333333333333,0.0,4.216666666666667,0.017666666666666667,0.22033333333333335,29.783333333333335,0.22999999999999998,0.0,0.0,0.0,0.0,24.21666666666667,0.0,0.0,0.0,0.0,92.5,4.15,0.0,0.11900000000000001,-0.0020000000000000018,0.331,0,1.6999999999999993,-0.22999999999999998,-4.15,0.0,0.0,0.0,-1.0,-1.8369701987210297e-16,-0.9829265519799822,-0.18399835165767986,0,1.0,0,0.0,0,LOW
High Relief,2026-09-21 00:00:00,21.88333333333333,90.83333333333333,0.0,3.533333333333333,0.02016666666666667,0.2191666666666667,23.03333333333333,0.0,0.0,0.0,0.0,0.0,21.150000000000002,0.0,0.0,0.0,0.0,90.83333333333333,4.140000000000001,0.0,0.11966666666666669,0.0025000000000000022,0.3303333333333333,0,0.7333333333333272,0.0,-4.140000000000001,0.0,0.0,0.0,0.0,1.0,-0.9859481499638303,-0.1670516255021195,0,1.0,0,0.0032102463766932486,0,LOW
High Relief,2026-09-21 06:00:00,25.166666666666668,76.5,0.0,7.7,0.02183333333333333,0.219,25.46666666666667,1.07,0.0,0.0,0.0,0.0,24.916666666666668,0.0,0.0,0.0,0.0,90.83333333333333,4.01,0.0,0.12041666666666667,0.00166666666666666,0.32958333333333334,0,0.25,-1.07,-4.01,0.0,0.0,0.0,1.0,6.123233995736766e-17,-0.9859481499638303,-0.1670516255021195,0,1.0,0,0.0,0,LOW
High Relief,2026-09-21 12:00:00,26.95,50.333333333333336,0.0,14.233333333333334,0.019,0.2182,32.86,2.76,0.0,0.0,0.0,0.0,28.900000000000002,0.0,0.0,0.0,0.0,90.83333333333333,4.06,0.0,0.1186,-0.00283333333333333,0.33140000000000003,0,-1.9500000000000028,-2.76,-4.06,0.0,0.0,0.0,1.2246467991473532e-16,-1.0,-0.9859481499638303,-0.1670516255021195,0,1.0,0,0.0,0,LOW
High Relief,2026-09-21 18:00:00,23.25,43.333333333333336,0.0,7.949999999999999,0.0,0.0,0.0,0.48000000000000004,0.0,0.0,0.0,0.0,25.916666666666668,0.0,0.0,0.0,0.0,90.83333333333333,4.3100000000000005,0.0,0.0,-0.019,0.45,0,-2.666666666666668,-0.48000000000000004,-4.3100000000000005,0.0,0.0,0.0,-1.0,-1.8369701987210297e-16,-0.9859481499638303,-0.1670516255021195,0,0.6666666666666667,0,0.0,0,LOW
High Relief,2026-09-22 00:00:00,18.363888888888887,78.25,0.5666666666666667,12.033333333333333,0.07719444444444445,0.16708333333333336,18.994444444444444,0.15833333333333335,0.0,0.0,0.0,0.0,21.88333333333333,0.5666666666666667,0.5666666666666667,0.5666666666666667,0.5666666666666667,78.25,4.468333333333334,0.5666666666666667,0.12213888888888891,0.07719444444444445,0.3278611111111111,0,-3.519444444444442,0.4083333333333333,-3.9016666666666673,44.34166666666667,0.5666666666666667,0.18888888888888888,0.0,1.0,-0.9886775902323404,-0.15005539834465262,0,1.0,0,0.0,0,LOW
High Relief,2026-09-22 06:00:00,20.23888888888889,67.8888888888889,0.03333333333333333,13.894444444444444,0.07952777777777777,0.16716666666666669,19.48611111111111,0.91,0.5666666666666667,0.0,0.0,0.0,25.166666666666668,0.6,0.6,0.6,0.5666666666666667,78.25,4.308333333333333,0.515,0.12334722222222222,0.0023333333333333123,0.3266527777777778,0,-4.927777777777777,-0.8766666666666667,-3.7083333333333326,2.2629629629629635,0.6,0.19999999999999998,1.0,6.123233995736766e-17,-0.9886775902323404,-0.15005539834465262,0,1.0,0,0.0,0,LOW
High Relief,2026-09-22 12:00:00,24.397222222222222,49.0,0.016666666666666666,16.63888888888889,0.07222222222222223,0.16758333333333333,27.24444444444444,2.243333333333333,0.03333333333333333,0.5666666666666667,0.0,0.0,26.95,0.6166666666666667,0.6166666666666667,0.6166666666666667,0.5666666666666667,78.25,3.7916666666666665,0.45441666666666664,0.11990277777777777,-0.007305555555555537,0.33009722222222226,0,-2.552777777777777,-2.2266666666666666,-3.175,0.8166666666666667,0.6166666666666667,0.20555555555555555,1.2246467991473532e-16,-1.0,-0.9886775902323404,-0.15005539834465262,0,1.0,0,0.0,0,LOW
High Relief,2026-09-22 18:00:00,20.42777777777778,74.77777777777777,0.05000000000000001,11.56111111111111,0.06858333333333333,0.16866666666666666,22.650000000000002,0.27,0.016666666666666666,0.03333333333333333,0.0,0.0,23.25,0.6666666666666667,0.6666666666666667,0.6666666666666667,0.5666666666666667,78.25,3.5816666666666666,0.08825000000000001,0.118625,-0.0036388888888889,0.33137500000000003,0,-2.8222222222222193,-0.22,-2.915,3.7388888888888894,0.6666666666666667,0.22222222222222224,-1.0,-1.8369701987210297e-16,-0.9886775902323404,-0.15005539834465262,0,1.0,0,0.0,0,LOW
High Relief,2026-09-23 00:00:00,18.083333333333332,82.05555555555556,0.05000000000000001,11.697222222222223,0.07077777777777777,0.16872222222222222,18.841666666666665,0.13333333333333333,0.05000000000000001,0.016666666666666666,0.5666666666666667,0.0,18.363888888888887,0.15000000000000002,0.7166666666666668,0.7166666666666668,0.05000000000000001,82.05555555555556,3.5566666666666666,0.40034520833333337,0.11975,0.0021944444444444433,0.33025000000000004,0,-0.280555555555555,-0.08333333333333331,-3.4066666666666667,4.102777777777779,0.15000000000000002,0.05,0.0,1.0,-0.9911140639934546,-0.13301470653419636,0,1.0,0,0.0,0,LOW
High Relief,2026-09-23 06:00:00,20.583333333333332,68.36111111111111,0.0,13.908333333333333,0.07205555555555555,0.16883333333333336,19.98611111111111,1.0266666666666666,0.05000000000000001,0.05000000000000001,0.03333333333333333,0.0,20.23888888888889,0.1166666666666667,0.7166666666666668,0.7166666666666668,0.05000000000000001,82.05555555555556,3.673333333333333,0.09602520833333336,0.12044444444444447,0.0012777777777777805,0.32955555555555555,0,0.34444444444444144,-1.0266666666666666,-3.556666666666666,0.0,0.1166666666666667,0.038888888888888896,1.0,6.123233995736766e-17,-0.9911140639934546,-0.13301470653419636,0,1.0,0,0.0,0,LOW
High Relief,2026-09-23 12:00:00,24.816666666666663,52.47222222222222,0.0,18.000000000000004,0.06255555555555556,0.16886111111111113,28.33888888888889,2.4266666666666663,0.0,0.05000000000000001,0.016666666666666666,0.0,24.397222222222222,0.10000000000000002,0.7166666666666668,0.7166666666666668,0.05000000000000001,82.05555555555556,3.8566666666666665,0.04482510416666668,0.11570833333333334,-0.009499999999999995,0.33429166666666665,0,0.41944444444444073,-2.4266666666666663,-3.7566666666666664,0.0,0.10000000000000002,0.03333333333333334,1.2246467991473532e-16,-1.0,-0.9911140639934546,-0.13301470653419636,0,1.0,0,0.0,0,LOW
High Relief,2026-09-23 18:00:00,20.377777777777776,75.02777777777779,0.0,12.488888888888887,0.05833333333333334,0.16877777777777778,22.98888888888889,0.26499999999999996,0.0,0.0,0.05000000000000001,0.0,20.42777777777778,0.05000000000000001,0.7166666666666668,0.7166666666666668,0.05000000000000001,82.05555555555556,3.851666666666666,0.026100312500000004,0.11355555555555556,-0.0042222222222222175,0.33644444444444443,0,-0.05000000000000426,-0.26499999999999996,-3.8016666666666663,0.0,0.05000000000000001,0.01666666666666667,-1.0,-1.8369701987210297e-16,-0.9911140639934546,-0.13301470653419636,0,1.0,0,0.0,0,LOW
High Relief,2026-09-24 00:00:00,17.830555555555556,81.47222222222221,0.0,15.436111111111108,0.058666666666666666,0.16858333333333334,18.694444444444443,0.19666666666666668,0.0,0.0,0.05000000000000001,0.5666666666666667,18.083333333333332,0.0,0.15000000000000002,0.7166666666666668,0.0,81.47222222222221,3.915,0.026100312500000004,0.113625,0.0003333333333333244,0.336375,0,-0.25277777777777644,-0.19666666666666668,-3.915,0.0,0.0,0.0,0.0,1.0,-0.9932568492674143,-0.11593459959550066,0,1.0,0,0.0,0,LOW
High Relief,2026-09-24 06:00:00,20.208333333333336,71.99999999999999,0.016666666666666666,13.747222222222222,0.05963888888888889,0.1685,19.93611111111111,0.9966666666666666,0.0,0.0,0.0,0.03333333333333333,20.583333333333332,0.016666666666666666,0.13333333333333336,0.7333333333333335,0.016666666666666666,81.47222222222221,3.885,0.016666666666666666,0.11406944444444445,0.0009722222222222215,0.33593055555555557,0,-0.37499999999999645,-0.9799999999999999,-3.868333333333333,1.1999999999999997,0.016666666666666666,0.005555555555555555,1.0,6.123233995736766e-17,-0.9932568492674143,-0.11593459959550066,0,1.0,0,0.0,0,LOW
High Relief,2026-09-24 12:00:00,24.275000000000002,55.91666666666668,0.08333333333333333,15.877777777777778,0.053333333333333344,0.16855555555555557,28.502777777777776,2.23,0.016666666666666666,0.0,0.0,0.016666666666666666,24.816666666666663,0.09999999999999999,0.2,0.8166666666666669,0.08333333333333333,81.47222222222221,3.6883333333333335,0.09749999999999999,0.11094444444444446,-0.006305555555555543,0.33905555555555555,0,-0.5416666666666607,-2.1466666666666665,-3.5883333333333334,4.659722222222223,0.09999999999999999,0.033333333333333326,1.2246467991473532e-16,-1.0,-0.9932568492674143,-0.11593459959550066,0,1.0,0,0.0,0,LOW
High Relief,2026-09-24 18:00:00,20.02777777777778,77.3611111111111,0.0,16.11388888888889,0.051722222222222225,0.16861111111111113,23.00277777777778,0.2816666666666667,0.08333333333333333,0.016666666666666666,0.0,0.05000000000000001,20.377777777777776,0.09999999999999999,0.15000000000000002,0.8166666666666669,0.08333333333333333,81.47222222222221,3.705,0.082875,0.11016666666666668,-0.0016111111111111187,0.3398333333333333,0,-0.34999999999999787,-0.2816666666666667,-3.605,0.0,0.09999999999999999,0.033333333333333326,-1.0,-1.8369701987210297e-16,-0.9932568492674143,-0.11593459959550066,0,1.0,0,0.0,0,LOW
High Relief,2026-09-25 00:00:00,18.025,74.05555555555556,0.0,17.95555555555556,0.05169444444444445,0.16830555555555557,18.88888888888889,0.3,0.0,0.08333333333333333,0.0,0.05000000000000001,17.830555555555556,0.09999999999999999,0.09999999999999999,0.25,0.08333333333333333,77.3611111111111,3.808333333333333,0.060208333333333336,0.11000000000000001,-2.7777777777772406e-05,0.33999999999999997,0,0.19444444444444287,-0.3,-3.708333333333333,0.0,0.09999999999999999,0.033333333333333326,0.0,1.0,-0.9951053111006974,-0.09882013873287211,0,1.0,0,0.0,0,LOW
High Relief,2026-09-25 06:00:00,19.208333333333336,67.02777777777779,0.06666666666666667,17.444444444444446,0.051583333333333335,0.16761111111111113,19.36111111111111,0.915,0.0,0.0,0.016666666666666666,0.0,20.208333333333336,0.15,0.16666666666666666,0.2833333333333333,0.08333333333333333,77.3611111111111,3.7266666666666666,0.07536677083333333,0.10959722222222223,-0.00011111111111111738,0.3404027777777778,0,-1.0,-0.8483333333333334,-3.5766666666666667,4.468518518518519,0.15,0.049999999999999996,1.0,6.123233995736766e-17,-0.9951053111006974,-0.09882013873287211,0,1.0,0,0.0,0,LOW
High Relief,2026-09-25 12:00:00,22.86944444444445,53.138888888888886,0.08333333333333333,20.13888888888889,0.04605555555555555,0.16727777777777778,26.13888888888889,2.0366666666666666,0.06666666666666667,0.0,0.08333333333333333,0.0,24.275000000000002,0.15,0.25,0.35,0.08333333333333333,77.3611111111111,3.533333333333333,0.18350052083333332,0.10666666666666666,-0.005527777777777784,0.3433333333333334,0,-1.4055555555555515,-1.9533333333333334,-3.3833333333333333,4.4282407407407405,0.15,0.049999999999999996,1.2246467991473532e-16,-1.0,-0.9951053111006974,-0.09882013873287211,0,1.0,0,0.0,0,LOW
High Relief,2026-09-25 18:00:00,19.386111111111113,73.97222222222223,0.0,15.747222222222222,0.03986111111111112,0.166,21.916666666666668,0.35333333333333333,0.08333333333333333,0.06666666666666667,0.0,0.0,20.02777777777778,0.15,0.25,0.3,0.08333333333333333,74.05555555555556,3.6050000000000004,0.119,0.10293055555555557,-0.006194444444444433,0.34706944444444443,0,-0.6416666666666657,-0.35333333333333333,-3.4550000000000005,0.0,0.15,0.049999999999999996,-1.0,-1.8369701987210297e-16,-0.9951053111006974,-0.09882013873287211,0,1.0,0,0.0,0,LOW
High Relief,2026-09-26 00:00:00,17.288888888888888,78.33333333333334,1.4666666666666668,13.455555555555557,0.04511111111111111,0.1658611111111111,17.941666666666666,0.205,0.0,0.08333333333333333,0.0,0.0,18.025,1.6166666666666667,1.7166666666666668,1.7166666666666668,1.4666666666666668,78.33333333333334,3.5100000000000002,1.5268750000000002,0.1054861111111111,0.005249999999999991,0.3445138888888889,0,-0.7361111111111107,1.2616666666666667,-1.8933333333333335,114.88888888888891,1.6166666666666667,0.5388888888888889,0.0,1.0,-0.99665890175417,-0.08167639533042288,0,1.0,0,0.0008316008374094963,0,LOW
High Relief,2026-09-26 06:00:00,19.369444444444444,61.99999999999999,0.44999999999999996,17.094444444444445,0.06588888888888889,0.1655,18.86388888888889,1.055,1.4666666666666668,0.0,0.06666666666666667,0.016666666666666666,19.208333333333336,2.0,2.1500000000000004,2.166666666666667,1.4666666666666668,78.33333333333334,3.6500000000000004,1.7314670833333334,0.11569444444444445,0.020777777777777777,0.3343055555555556,0,0.16111111111110787,-0.605,-1.6500000000000004,27.899999999999995,2.0,0.6666666666666666,1.0,6.123233995736766e-17,-0.99665890175417,-0.08167639533042288,0,1.0,0,0.0,0,LOW
High Relief,2026-09-26 12:00:00,22.519444444444442,49.25,0.016666666666666666,24.938888888888886,0.05597222222222223,0.16555555555555554,25.96666666666667,2.1750000000000003,0.44999999999999996,1.4666666666666668,0.08333333333333333,0.08333333333333333,22.86944444444445,1.9333333333333333,2.083333333333333,2.1833333333333336,1.4666666666666668,78.33333333333334,3.7883333333333336,1.5023338541666669,0.11076388888888888,-0.009916666666666657,0.3392361111111111,0,-0.3500000000000085,-2.1583333333333337,-1.8550000000000002,0.8208333333333333,1.9333333333333333,0.6444444444444444,1.2246467991473532e-16,-1.0,-0.99665890175417,-0.08167639533042288,0,1.0,0,0.0,0,LOW
High Relief,2026-09-26 18:00:00,18.23333333333333,69.66666666666667,0.0,22.86111111111111,0.04705555555555555,0.16572222222222224,21.13333333333333,0.4566666666666666,0.016666666666666666,0.44999999999999996,0.0,0.0,19.386111111111113,1.9333333333333333,2.083333333333333,2.1833333333333336,1.4666666666666668,78.33333333333334,3.891666666666667,0.33929166666666666,0.1063888888888889,-0.008916666666666677,0.3436111111111111,0,-1.1527777777777821,-0.4566666666666666,-1.9583333333333337,0.0,1.9333333333333333,0.6444444444444444,-1.0,-1.8369701987210297e-16,-0.99665890175417,-0.08167639533042288,0,1.0,0,0.0,0,LOW
High Relief,2026-09-27 00:00:00,16.616666666666667,75.41666666666667,0.0,21.433333333333334,0.04733333333333334,0.1655,17.27777777777778,0.29833333333333334,0.0,0.016666666666666666,1.4666666666666668,0.0,17.288888888888888,0.4666666666666666,2.083333333333333,2.1833333333333336,0.44999999999999996,75.41666666666667,3.9850000000000003,0.7776508333333334,0.10641666666666667,0.0002777777777777865,0.34358333333333335,0,-0.6722222222222207,-0.29833333333333334,-3.5183333333333335,0.0,0.4666666666666666,0.15555555555555553,0.0,1.0,-0.9979171608653922,-0.06450844944931625,0,1.0,0,0.0,0,LOW
High Relief,2026-09-27 06:00:00,18.333333333333336,67.58333333333334,1.583333333333333,20.47222222222222,0.0556388888888889,0.16511111111111113,18.105555555555554,0.9616666666666668,0.0,0.0,0.44999999999999996,0.06666666666666667,19.369444444444444,1.5999999999999996,3.5999999999999996,3.75,1.583333333333333,75.41666666666667,3.891666666666667,1.818236145833333,0.11037500000000001,0.008305555555555559,0.339625,0,-1.0361111111111079,0.6216666666666663,-2.2916666666666674,107.00694444444444,1.5999999999999996,0.5333333333333332,1.0,6.123233995736766e-17,-0.9979171608653922,-0.06450844944931625,0,1.0,0,0.0008316008374094963,0,LOW
High Relief,2026-09-27 12:00:00,22.527777777777775,51.88888888888889,0.0,21.649999999999995,0.06147222222222223,0.165,26.094444444444445,2.1533333333333333,1.583333333333333,0.0,0.016666666666666666,0.08333333333333333,22.519444444444442,1.583333333333333,3.5166666666666666,3.666666666666666,1.583333333333333,75.41666666666667,3.87,1.3545334374999998,0.11323611111111112,0.005833333333333329,0.33676388888888886,0,0.00833333333333286,-2.1533333333333333,-2.286666666666667,0.0,1.583333333333333,0.5277777777777777,1.2246467991473532e-16,-1.0,-0.9979171608653922,-0.06450844944931625,0,1.0,0,0.0,0,LOW
High Relief,2026-09-27 18:00:00,18.655555555555555,75.41666666666666,0.4000000000000001,16.333333333333332,0.04958333333333333,0.1655,21.51666666666667,0.30666666666666664,0.0,1.583333333333333,0.0,0.0,18.23333333333333,1.9833333333333332,3.9166666666666665,4.066666666666666,1.583333333333333,75.41666666666667,3.72,1.5439583333333333,0.10754166666666667,-0.011888888888888893,0.3424583333333333,0,0.4222222222222243,0.09333333333333343,-1.736666666666667,30.166666666666668,1.9833333333333332,0.661111111111111,-1.0,-1.8369701987210297e-16,-0.9979171608653922,-0.06450844944931625,0,1.0,0,0.0,0,LOW
High Relief,2026-09-28 00:00:00,16.563888888888886,81.19444444444444,0.10000000000000002,14.575000000000003,0.051916666666666667,0.16575,17.28611111111111,0.14833333333333332,0.4000000000000001,0.0,0.0,1.4666666666666668,16.616666666666667,2.083333333333333,2.55,4.166666666666666,1.583333333333333,81.19444444444444,3.5700000000000003,0.4400000000000001,0.10883333333333334,0.002333333333333333,0.3411666666666667,0,-0.0527777777777807,-0.0483333333333333,-1.4866666666666672,8.119444444444445,2.083333333333333,0.6944444444444443,0.0,1.0,-0.9988797155850335,-0.04732138832243232,0,1.0,0,0.0,0,LOW
High Relief,2026-09-28 06:00:00,18.21388888888889,70.19444444444444,0.20000000000000004,15.99722222222222,0.05275,0.1665,17.966666666666665,0.81,0.10000000000000002,0.4000000000000001,1.583333333333333,0.44999999999999996,18.333333333333336,0.7000000000000002,2.3,4.3,0.4000000000000001,81.19444444444444,3.4183333333333334,1.4005098958333333,0.109625,0.0008333333333333318,0.340375,0,-0.11944444444444713,-0.61,-2.7183333333333333,14.038888888888891,0.7000000000000002,0.2333333333333334,1.0,6.123233995736766e-17,-0.9988797155850335,-0.04732138832243232,0,1.0,0,0.0,0,LOW
High Relief,2026-09-28 12:00:00,22.208333333333332,50.94444444444445,0.09999999999999999,21.444444444444443,0.05113888888888889,0.16666666666666666,25.444444444444443,2.0749999999999997,0.20000000000000004,0.10000000000000002,0.0,0.016666666666666666,22.527777777777775,0.8000000000000002,2.3833333333333333,4.316666666666666,0.4000000000000001,81.19444444444444,3.34,0.34225000000000005,0.10890277777777778,-0.0016111111111111048,0.3410972222222222,0,-0.31944444444444287,-1.9749999999999996,-2.5399999999999996,5.094444444444445,0.8000000000000002,0.2666666666666667,1.2246467991473532e-16,-1.0,-0.9988797155850335,-0.04732138832243232,0,1.0,0,0.0,0,LOW
High Relief,2026-09-28 18:00:00,18.119444444444444,74.6388888888889,0.05000000000000001,14.697222222222225,0.050805555555555555,0.16677777777777777,21.01111111111111,0.29333333333333333,0.09999999999999999,0.20000000000000004,0.4000000000000001,0.0,18.655555555555555,0.45,2.433333333333333,4.366666666666666,0.20000000000000004,81.19444444444444,3.3266666666666667,0.4883025000000001,0.10879166666666666,-0.00033333333333333826,0.34120833333333334,0,-0.5361111111111114,-0.24333333333333332,-2.8766666666666665,3.7319444444444456,0.45,0.15,-1.0,-1.8369701987210297e-16,-0.9988797155850335,-0.04732138832243232,0,1.0,0,0.0,0,LOW
High Relief,2026-09-29 00:00:00,16.38333333333333,76.72222222222221,0.03333333333333333,14.944444444444445,0.05144444444444444,0.1667777777777778,17.233333333333334,0.22999999999999998,0.05000000000000001,0.09999999999999999,0.10000000000000002,0.0,16.563888888888886,0.38333333333333336,2.4666666666666663,2.933333333333333,0.20000000000000004,76.72222222222221,3.408333333333333,0.20028395833333335,0.10911111111111112,0.0006388888888888833,0.3408888888888889,0,-0.18055555555555713,-0.19666666666666666,-3.025,2.557407407407407,0.38333333333333336,0.12777777777777777,0.0,1.0,-0.9995462806873573,-0.03012030484690836,0,1.0,0,0.0,0,LOW
High Relief,2026-09-29 06:00:00,18.197222222222223,69.77777777777779,0.016666666666666666,17.336111111111112,0.051083333333333335,0.1665277777777778,18.17222222222222,0.88,0.03333333333333333,0.05000000000000001,0.20000000000000004,1.583333333333333,18.21388888888889,0.19999999999999998,0.9000000000000002,2.4999999999999996,0.09999999999999999,76.72222222222221,3.478333333333333,0.18552625,0.10880555555555557,-0.0003611111111111037,0.34119444444444447,0,-0.01666666666666572,-0.8633333333333333,-3.278333333333333,1.162962962962963,0.19999999999999998,0.06666666666666665,1.0,6.123233995736766e-17,-0.9995462806873573,-0.03012030484690836,0,1.0,0,0.0,0,LOW
High Relief,2026-09-29 12:00:00,21.247222222222224,53.69444444444445,0.35000000000000003,19.549999999999997,0.04988888888888889,0.16605555555555554,25.494444444444444,1.9916666666666663,0.016666666666666666,0.03333333333333333,0.09999999999999999,0.0,22.208333333333332,0.45000000000000007,1.2500000000000002,2.833333333333333,0.35000000000000003,76.72222222222221,3.3949999999999996,0.44045062500000004,0.10797222222222222,-0.0011944444444444424,0.3420277777777778,0,-0.9611111111111086,-1.6416666666666662,-2.9449999999999994,18.793055555555558,0.45000000000000007,0.15000000000000002,1.2246467991473532e-16,-1.0,-0.9995462806873573,-0.03012030484690836,0,1.0,0,0.0,0,LOW
High Relief,2026-09-29 18:00:00,17.508333333333333,73.94444444444444,0.18333333333333332,16.947222222222223,0.053,0.1655,20.577777777777776,0.31,0.35000000000000003,0.016666666666666666,0.05000000000000001,0.4000000000000001,18.119444444444444,0.5833333333333334,1.0333333333333334,3.016666666666666,0.35000000000000003,76.72222222222221,3.411666666666666,0.5189753125000001,0.10925,0.003111111111111106,0.34075,0,-0.6111111111111107,-0.12666666666666668,-2.8283333333333327,13.55648148148148,0.5833333333333334,0.19444444444444445,-1.0,-1.8369701987210297e-16,-0.9995462806873573,-0.03012030484690836,0,1.0,0,0.0,0,LOW
High Relief,2026-09-30 00:00:00,15.583333333333334,78.27777777777779,0.2833333333333333,15.43888888888889,0.054777777777777766,0.16519444444444445,16.552777777777777,0.20166666666666666,0.18333333333333332,0.35000000000000003,0.03333333333333333,0.10000000000000002,16.38333333333333,0.8333333333333334,1.2166666666666668,3.2999999999999994,0.35000000000000003,78.27777777777779,3.383333333333333,0.709441875,0.1099861111111111,0.001777777777777767,0.3400138888888889,0,-0.7999999999999954,0.08166666666666667,-2.5499999999999994,22.178703703703704,0.8333333333333334,0.2777777777777778,0.0,1.0,-0.9999166586547379,-0.012910296075008843,0,1.0,0,0.0,0,LOW
High Relief,2026-09-30 06:00:00,17.702777777777776,69.44444444444444,0.25000000000000006,12.994444444444442,0.05658333333333334,0.1635,17.51388888888889,0.8066666666666666,0.2833333333333333,0.18333333333333332,0.016666666666666666,0.20000000000000004,18.197222222222223,1.0666666666666667,1.2666666666666666,1.9666666666666668,0.35000000000000003,78.27777777777779,3.3099999999999996,0.6319917708333334,0.11004166666666668,0.0018055555555555741,0.33995833333333336,0,-0.49444444444444713,-0.5566666666666666,-2.243333333333333,17.361111111111114,1.0666666666666667,0.3555555555555555,1.0,6.123233995736766e-17,-0.9999166586547379,-0.012910296075008843,0,1.0,0,0.0,0,LOW
High Relief,2026-09-30 12:00:00,21.233333333333334,51.444444444444436,0.08333333333333333,20.597222222222218,0.05563888888888888,0.16394444444444445,25.105555555555554,1.92,0.25000000000000006,0.2833333333333333,0.35000000000000003,0.09999999999999999,21.247222222222224,0.8000000000000002,1.25,2.0500000000000003,0.2833333333333333,78.27777777777779,3.2383333333333333,0.6832438541666667,0.10979166666666666,-0.000944444444444463,0.34020833333333333,0,-0.013888888888889284,-1.8366666666666667,-2.438333333333333,4.287037037037036,0.8000000000000002,0.2666666666666667,1.2246467991473532e-16,-1.0,-0.9999166586547379,-0.012910296075008843,0,1.0,0,0.0,0,LOW
High Relief,2026-09-30 18:00:00,17.783333333333335,69.74999999999999,0.0,19.283333333333335,0.05252777777777778,0.16483333333333336,20.500000000000004,0.3466666666666667,0.08333333333333333,0.25000000000000006,0.18333333333333332,0.05000000000000001,17.508333333333333,0.6166666666666668,1.2,1.6500000000000001,0.2833333333333333,78.27777777777779,3.275,0.3471594791666667,0.10868055555555557,-0.0031111111111110992,0.34131944444444445,0,0.27500000000000213,-0.3466666666666667,-2.658333333333333,0.0,0.6166666666666668,0.2055555555555556,-1.0,-1.8369701987210297e-16,-0.9999166586547379,-0.012910296075008843,0,1.0,0,0.0,0,LOW
High Relief,2026-10-01 00:00:00,15.566666666666668,76.77777777777777,0.13333333333333333,18.13611111111111,0.05205555555555555,0.16447222222222224,16.602777777777778,0.19999999999999998,0.0,0.08333333333333333,0.2833333333333333,0.03333333333333333,15.583333333333334,0.4666666666666667,1.3,1.6833333333333333,0.25000000000000006,76.77777777777777,3.2733333333333334,0.3414434375,0.1082638888888889,-0.00047222222222222804,0.34173611111111113,0,-0.01666666666666572,-0.06666666666666665,-2.8066666666666666,10.237037037037036,0.4666666666666667,0.15555555555555556,0.0,1.0,-0.9999907397361901,0.004303538296243821,0,1.0,0,0.0,0,LOW
High Relief,2026-10-01 06:00:00,16.952777777777776,68.25,0.9333333333333335,17.772222222222222,0.06058333333333333,0.16391666666666668,16.883333333333333,0.8116666666666666,0.13333333333333333,0.0,0.25000000000000006,0.016666666666666666,17.702777777777776,1.1500000000000001,2.216666666666667,2.4166666666666665,0.9333333333333335,76.77777777777777,3.2783333333333333,1.177168229166667,0.11225,0.00852777777777778,0.33775,0,-0.75,0.12166666666666681,-2.128333333333333,63.70000000000001,1.1500000000000001,0.38333333333333336,1.0,6.123233995736766e-17,-0.9999907397361901,0.004303538296243821,0,1.0,0,0.0,0,LOW
High Relief,2026-10-01 12:00:00,20.86388888888889,47.75,0.03333333333333333,21.644444444444446,0.06447222222222222,0.1638888888888889,24.508333333333336,2.0066666666666664,0.9333333333333335,0.13333333333333333,0.08333333333333333,0.35000000000000003,21.233333333333334,1.1000000000000003,1.9000000000000004,2.35,0.9333333333333335,76.77777777777777,3.3649999999999998,0.9665005208333335,0.11418055555555556,0.003888888888888893,0.33581944444444445,0,-0.3694444444444436,-1.973333333333333,-2.2649999999999997,1.5916666666666666,1.1000000000000003,0.36666666666666675,1.2246467991473532e-16,-1.0,-0.9999907397361901,0.004303538296243821,0,1.0,0,0.0,0,LOW
High Relief,2026-10-01 18:00:00,17.558333333333337,66.0,0.0,15.37777777777778,0.06355555555555556,0.16416666666666668,20.013888888888886,0.37833333333333335,0.03333333333333333,0.9333333333333335,0.0,0.18333333333333332,17.783333333333335,1.1000000000000003,1.716666666666667,2.3,0.9333333333333335,76.77777777777777,3.3966666666666665,0.7026666666666668,0.11386111111111112,-0.0009166666666666629,0.3361388888888889,0,-0.22499999999999787,-0.37833333333333335,-2.296666666666666,0.0,1.1000000000000003,0.36666666666666675,-1.0,-1.8369701987210297e-16,-0.9999907397361901,0.004303538296243821,0,1.0,0,0.0,0,LOW
High Relief,2026-10-02 00:00:00,15.333333333333334,74.50000000000001,0.0,11.294444444444444,0.06327777777777778,0.16411111111111112,15.802777777777777,0.17500000000000002,0.0,0.03333333333333333,0.13333333333333333,0.2833333333333333,15.566666666666668,0.9666666666666668,1.4333333333333336,2.2666666666666666,0.9333333333333335,74.50000000000001,3.371666666666666,0.09368416666666667,0.11369444444444446,-0.00027777777777777957,0.3363055555555555,0,-0.23333333333333428,-0.17500000000000002,-2.4049999999999994,0.0,0.9666666666666668,0.32222222222222224,0.0,1.0,-0.9997685019798909,0.021516097436222233,0,1.0,0,0.0,0,LOW
High Relief,2026-10-02 06:00:00,17.51666666666667,67.05555555555556,0.0,11.399999999999999,0.06416666666666666,0.1639722222222222,16.630555555555556,0.8583333333333334,0.0,0.0,0.9333333333333335,0.25000000000000006,16.952777777777776,0.03333333333333333,1.1833333333333336,2.25,0.03333333333333333,74.50000000000001,3.418333333333333,0.4872058333333334,0.11406944444444445,0.0008888888888888835,0.33593055555555557,0,0.5638888888888935,-0.8583333333333334,-3.385,0.0,0.03333333333333333,0.01111111111111111,1.0,6.123233995736766e-17,-0.9997685019798909,0.021516097436222233,0,1.0,0,0.0,0,LOW
High Relief,2026-10-02 12:00:00,21.58888888888889,50.38888888888889,0.0,19.505555555555556,0.05925,0.16405555555555557,25.072222222222223,2.0533333333333332,0.0,0.0,0.03333333333333333,0.08333333333333333,20.86388888888889,0.0,1.1000000000000003,1.9000000000000004,0.0,74.50000000000001,3.465,0.017400208333333333,0.11165277777777778,-0.004916666666666666,0.33834722222222224,0,0.7249999999999979,-2.0533333333333332,-3.465,0.0,0.0,0.0,1.2246467991473532e-16,-1.0,-0.9997685019798909,0.021516097436222233,0,1.0,0,0.0,0,LOW
High Relief,2026-10-02 18:00:00,18.016666666666666,71.41666666666667,0.0,12.577777777777778,0.056666666666666664,0.16416666666666666,20.427777777777777,0.31,0.0,0.0,0.0,0.0,17.558333333333337,0.0,1.1000000000000003,1.716666666666667,0.0,74.50000000000001,3.396666666666667,0.0,0.11041666666666666,-0.0025833333333333333,0.33958333333333335,0,0.4583333333333286,-0.31,-3.396666666666667,0.0,0.0,0.0,-1.0,-1.8369701987210297e-16,-0.9997685019798909,0.021516097436222233,0,1.0,0,0.0,0,LOW
High Relief,2026-10-03 00:00:00,16.394444444444446,81.0,0.05000000000000001,11.613888888888889,0.05794444444444444,0.16427777777777777,16.75,0.13833333333333334,0.0,0.0,0.0,0.13333333333333333,15.333333333333334,0.05000000000000001,1.0166666666666668,1.4833333333333336,0.05000000000000001,81.0,3.36,0.05000000000000001,0.1111111111111111,0.0012777777777777735,0.3388888888888889,0,1.0611111111111118,-0.08833333333333332,-3.31,4.050000000000001,0.05000000000000001,0.01666666666666667,0.0,1.0,-0.9992500112396835,0.03872228089217399,0,1.0,0,0.0,0,LOW
High Relief,2026-10-03 06:00:00,18.494444444444444,70.16666666666667,0.3666666666666667,14.066666666666668,0.06202777777777777,0.16441666666666668,17.897222222222222,0.8266666666666667,0.05000000000000001,0.0,0.0,0.9333333333333335,17.51666666666667,0.4166666666666667,0.45000000000000007,1.6000000000000003,0.3666666666666667,81.0,3.328333333333333,0.4091666666666667,0.11322222222222222,0.004083333333333335,0.3367777777777778,0,0.9777777777777743,-0.45999999999999996,-2.9116666666666666,25.72777777777778,0.4166666666666667,0.1388888888888889,1.0,6.123233995736766e-17,-0.9992500112396835,0.03872228089217399,0,1.0,0,0.0,0,LOW
High Relief,2026-10-03 12:00:00,22.522222222222222,55.638888888888886,0.11666666666666665,16.163888888888888,0.05983333333333333,0.16422222222222224,25.65833333333333,1.9133333333333333,0.3666666666666667,0.05000000000000001,0.0,0.03333333333333333,21.58888888888889,0.5333333333333333,0.5333333333333333,1.6333333333333337,0.3666666666666667,81.0,3.1883333333333335,0.46445833333333336,0.11202777777777778,-0.0021944444444444433,0.33797222222222223,0,0.9333333333333336,-1.7966666666666666,-2.6550000000000002,6.491203703703703,0.5333333333333333,0.17777777777777776,1.2246467991473532e-16,-1.0,-0.9992500112396835,0.03872228089217399,0,1.0,0,0.0,0,LOW
High Relief,2026-10-03 18:00:00,18.669444444444444,73.6111111111111,0.21666666666666667,12.683333333333335,0.058972222222222224,0.16449999999999998,21.05,0.2916666666666667,0.11666666666666665,0.3666666666666667,0.0,0.0,18.016666666666666,0.75,0.75,1.8500000000000005,0.3666666666666667,81.0,3.17,0.58075,0.1117361111111111,-0.0008611111111111042,0.3382638888888889,0,0.6527777777777786,-0.07500000000000001,-2.42,15.949074074074073,0.75,0.25,-1.0,-1.8369701987210297e-16,-0.9992500112396835,0.03872228089217399,0,1.0,0,0.0,0,LOW
High Relief,2026-10-04 00:00:00,16.36388888888889,77.66666666666667,0.35000000000000003,13.22222222222222,0.06525000000000002,0.16472222222222221,17.18611111111111,0.20833333333333334,0.21666666666666667,0.11666666666666665,0.05000000000000001,0.0,16.394444444444446,1.05,1.1,2.066666666666667,0.3666666666666667,77.66666666666667,3.24,0.6445586458333333,0.11498611111111112,0.006277777777777792,0.3350138888888889,0,-0.030555555555555003,0.1416666666666667,-2.1900000000000004,27.183333333333337,1.05,0.35,0.0,1.0,-0.9984354211555643,0.05591699010060302,0,1.0,0,0.0,0,LOW
High Relief,2026-10-04 06:00:00,18.647222222222222,66.94444444444444,0.0,14.730555555555556,0.06402777777777778,0.16430555555555557,17.972222222222225,0.8883333333333333,0.35000000000000003,0.21666666666666667,0.3666666666666667,0.0,18.494444444444444,0.6833333333333333,1.1,1.1333333333333335,0.35000000000000003,77.66666666666667,3.3016666666666667,0.6454439583333335,0.11416666666666667,-0.0012222222222222356,0.3358333333333333,0,0.15277777777777857,-0.8883333333333333,-2.618333333333333,0.0,0.6833333333333333,0.22777777777777777,1.0,6.123233995736766e-17,-0.9984354211555643,0.05591699010060302,0,1.0,0,0.0,0,LOW
High Relief,2026-10-04 12:00:00,21.825,54.888888888888886,0.0,21.044444444444448,0.057944444444444444,0.16444444444444448,24.647222222222222,1.905,0.0,0.35000000000000003,0.11666666666666665,0.0,22.522222222222222,0.5666666666666667,1.1,1.1,0.35000000000000003,77.66666666666667,3.293333333333333,0.3137757291666667,0.11119444444444446,-0.006083333333333336,0.3388055555555556,0,-0.6972222222222229,-1.905,-2.7266666666666666,0.0,0.5666666666666667,0.18888888888888888,1.2246467991473532e-16,-1.0,-0.9984354211555643,0.05591699010060302,0,1.0,0,0.0,0,LOW
High Relief,2026-10-04 18:00:00,18.147222222222222,71.8888888888889,1.1666666666666667,18.933333333333334,0.06211111111111111,0.165,20.197222222222223,0.37000000000000005,0.0,0.0,0.21666666666666667,0.0,18.669444444444444,1.5166666666666668,2.2666666666666666,2.2666666666666666,1.1666666666666667,77.66666666666667,3.371666666666667,1.2797680208333335,0.11355555555555556,0.004166666666666666,0.33644444444444443,0,-0.5222222222222221,0.7966666666666666,-1.8550000000000002,83.8703703703704,1.5166666666666668,0.5055555555555555,-1.0,-1.8369701987210297e-16,-0.9984354211555643,0.05591699010060302,0,1.0,0,0.0,0,LOW
High Relief,2026-10-05 00:00:00,16.16111111111111,76.47222222222221,0.15,18.461111111111112,0.06819444444444445,0.1657777777777778,16.511111111111113,0.2816666666666667,1.1666666666666667,0.0,0.35000000000000003,0.05000000000000001,16.36388888888889,1.3166666666666667,2.3666666666666667,2.4166666666666665,1.1666666666666667,76.47222222222221,3.4450000000000003,1.3243688541666667,0.11698611111111112,0.006083333333333336,0.3330138888888889,0,-0.20277777777777928,-0.13166666666666668,-2.128333333333334,11.470833333333331,1.3166666666666667,0.4388888888888889,0.0,1.0,-0.9973249731081555,0.07309512989807776,0,1.0,0,0.0,0,LOW
High Relief,2026-10-05 06:00:00,17.627777777777776,66.77777777777779,0.3333333333333333,20.116666666666667,0.06330555555555556,0.16733333333333333,17.07777777777778,0.8533333333333334,0.15,1.1666666666666667,0.0,0.3666666666666667,18.647222222222222,1.65,2.3333333333333335,2.75,1.1666666666666667,76.47222222222221,3.41,1.30375,0.11531944444444445,-0.004888888888888887,0.33468055555555554,0,-1.0194444444444457,-0.52,-1.7600000000000002,22.25925925925926,1.65,0.5499999999999999,1.0,6.123233995736766e-17,-0.9973249731081555,0.07309512989807776,0,1.0,0,0.0,0,LOW
High Relief,2026-10-05 12:00:00,21.661111111111108,50.583333333333336,0.03333333333333333,20.98888888888889,0.05886111111111111,0.16730555555555557,24.011111111111116,1.8833333333333335,0.3333333333333333,0.15,0.0,0.11666666666666665,21.825,1.6833333333333333,2.25,2.783333333333333,1.1666666666666667,76.47222222222221,3.3883333333333336,0.42504166666666665,0.11308333333333334,-0.004444444444444452,0.33691666666666664,0,-0.16388888888889142,-1.85,-1.7050000000000003,1.6861111111111111,1.6833333333333333,0.5611111111111111,1.2246467991473532e-16,-1.0,-0.9973249731081555,0.07309512989807776,0,1.0,0,0.0,0,LOW
High Relief,2026-10-05 18:00:00,17.98611111111111,71.44444444444444,0.05000000000000001,16.95555555555556,0.05305555555555556,0.16722222222222224,20.02777777777778,0.31833333333333336,0.03333333333333333,0.3333333333333333,1.1666666666666667,0.21666666666666667,18.147222222222222,0.5666666666666667,2.083333333333333,2.833333333333333,0.3333333333333333,76.47222222222221,3.336666666666667,0.9281739583333334,0.1101388888888889,-0.00580555555555555,0.3398611111111111,0,-0.16111111111111143,-0.26833333333333337,-2.7700000000000005,3.572222222222223,0.5666666666666667,0.18888888888888888,-1.0,-1.8369701987210297e-16,-0.9973249731081555,0.07309512989807776,0,1.0,0,0.0,0,LOW
High Relief,2026-10-06 00:00:00,15.763888888888888,81.69444444444444,0.10000000000000002,16.29722222222222,0.05330555555555555,0.16694444444444445,16.344444444444445,0.17166666666666663,0.05000000000000001,0.03333333333333333,0.15,0.35000000000000003,16.16111111111111,0.5166666666666666,1.8333333333333335,2.8833333333333333,0.3333333333333333,81.69444444444444,3.2266666666666666,0.24488427083333336,0.110125,0.0002499999999999933,0.33987500000000004,0,-0.3972222222222239,-0.07166666666666661,-2.71,8.169444444444446,0.5166666666666666,0.1722222222222222,0.0,1.0,-0.9959189961471792,0.0902516100310407,0,1.0,0,0.0,0,LOW
High Relief,2026-10-06 06:00:00,17.333333333333332,72.69444444444444,2.9166666666666665,17.31388888888889,0.07647222222222222,0.16694444444444445,16.894444444444442,0.7466666666666667,0.10000000000000002,0.05000000000000001,0.3333333333333333,0.0,17.627777777777776,3.0999999999999996,4.75,5.433333333333334,2.9166666666666665,81.69444444444444,3.1200000000000006,3.21179375,0.12170833333333334,0.02316666666666667,0.32829166666666665,0,-0.2944444444444443,2.17,-0.020000000000000906,212.02546296296293,3.0999999999999996,1.0333333333333332,1.0,6.123233995736766e-17,-0.9959189961471792,0.0902516100310407,0,1.0,0,0.0008316008374094963,0,LOW
High Relief,2026-10-06 12:00:00,20.233333333333334,58.638888888888886,0.25,22.869444444444444,0.08163888888888887,0.16716666666666669,23.34166666666667,1.6783333333333335,2.9166666666666665,0.10000000000000002,0.03333333333333333,0.0,21.661111111111108,3.3166666666666664,5.0,5.566666666666666,2.9166666666666665,81.69444444444444,2.915,2.8188168749999996,0.12440277777777778,0.005166666666666653,0.3255972222222222,0,-1.4277777777777736,-1.4283333333333335,0.4016666666666664,14.659722222222221,3.3166666666666664,1.1055555555555554,1.2246467991473532e-16,-1.0,-0.9959189961471792,0.0902516100310407,0,1.0,0,0.0,0,LOW
High Relief,2026-10-06 18:00:00,16.852777777777774,75.11111111111111,0.0,21.427777777777777,0.05741666666666667,0.16749999999999998,19.227777777777778,0.30833333333333335,0.25,2.9166666666666665,0.05000000000000001,1.1666666666666667,17.98611111111111,3.2666666666666666,3.833333333333333,5.35,2.9166666666666665,81.69444444444444,2.9050000000000002,2.345891979166667,0.11245833333333333,-0.0242222222222222,0.3375416666666667,0,-1.1333333333333364,-0.30833333333333335,0.36166666666666636,0.0,3.2666666666666666,1.0888888888888888,-1.0,-1.8369701987210297e-16,-0.9959189961471792,0.0902516100310407,0,1.0,0,0.0,0,LOW
High Relief,2026-10-07 00:00:00,15.383333333333335,80.88888888888889,0.0,19.61111111111111,0.0565,0.1675277777777778,16.01111111111111,0.20833333333333337,0.0,0.25,0.10000000000000002,0.15,15.763888888888888,3.1666666666666665,3.683333333333333,5.0,2.9166666666666665,80.88888888888889,2.941666666666667,0.232825625,0.1120138888888889,-0.0009166666666666698,0.3379861111111111,0,-0.38055555555555287,-0.20833333333333337,0.22499999999999964,0.0,3.1666666666666665,1.0555555555555554,0.0,1.0,-0.994217906893952,0.10738134666416306,0,1.0,0,0.0,0,LOW
Low Relief,2026-09-07 00:00:00,24.433333333333334,83.16666666666667,0.1,12.016666666666666,0.21283333333333332,0.31166666666666665,23.649999999999995,0.12000000000000001,0.0,0.0,0.0,0.0,0.0,0.1,0.1,0.1,0.1,83.16666666666667,0.12000000000000001,0.1,0.26225,0.0,0.18775000000000003,0,0.0,-0.020000000000000004,-0.020000000000000004,8.316666666666668,0.0,0.0,0.0,1.0,-0.9175836260593934,-0.3975428142825566,0,1.0,0,0.006038901396095753,0,LOW
Low Relief,2026-09-07 06:00:00,25.28333333333333,67.83333333333333,0.0,19.25,0.21283333333333332,0.3093333333333333,24.333333333333332,1.33,0.1,0.0,0.0,0.0,0.0,0.1,0.1,0.1,0.1,83.16666666666667,1.4500000000000002,0.085,0.26108333333333333,0.0,0.18891666666666668,0,0.0,-1.33,-1.35,0.0,0.0,0.0,1.0,6.123233995736766e-17,-0.9175836260593934,-0.3975428142825566,0,1.0,0,0.0,0,LOW
Low Relief,2026-09-07 12:00:00,26.7,61.166666666666664,0.0,36.9,0.2055,0.30683333333333335,28.383333333333336,2.67,0.0,0.1,0.0,0.0,0.0,0.1,0.1,0.1,0.1,83.16666666666667,4.12,0.07225000000000001,0.25616666666666665,-0.007333333333333331,0.19383333333333336,0,0.0,-2.67,-4.0200000000000005,0.0,0.0,0.0,1.2246467991473532e-16,-1.0,-0.9175836260593934,-0.3975428142825566,0,1.0,0,0.0008316009305417537,0,LOW
Low Relief,2026-09-07 18:00:00,21.283333333333335,72.5,0.1,53.699999999999996,0.21033333333333334,0.30483333333333335,23.2,0.83,0.0,0.0,0.0,0.0,0.0,0.2,0.2,0.2,0.1,83.16666666666667,4.95,0.1,0.25758333333333333,0.004833333333333356,0.19241666666666668,0,0.0,-0.73,-4.75,7.25,0.2,0.2,-1.0,-1.8369701987210297e-16,-0.9175836260593934,-0.3975428142825566,0,1.0,0,0.0,0,LOW
Low Relief,2026-09-08 00:00:00,20.400000000000002,74.33333333333333,1.8000000000000003,18.06666666666667,0.2288333333333333,0.303,20.266666666666662,0.29,0.1,0.0,0.1,0.0,24.433333333333334,1.9000000000000004,2.0000000000000004,2.0000000000000004,1.8000000000000003,74.33333333333333,5.12,1.9372006250000002,0.26591666666666663,0.01849999999999996,0.18408333333333338,0,-4.033333333333331,1.5100000000000002,-3.2199999999999998,133.8,0.2,0.2,0.0,1.0,-0.9242907221930934,-0.3816892202666586,0,1.0,0,0.026158970780670643,0,LOW
Low Relief,2026-09-08 06:00:00,20.2,70.83333333333333,1.9000000000000004,13.15,0.23866666666666667,0.30183333333333334,20.48333333333333,0.53,1.8000000000000003,0.1,0.0,0.0,25.28333333333333,3.8000000000000007,3.900000000000001,3.900000000000001,1.9000000000000004,74.33333333333333,4.32,3.5022500000000005,0.27025,0.00983333333333336,0.17975000000000002,0,-5.083333333333332,1.3700000000000003,-0.5199999999999996,134.58333333333334,0.30000000000000004,0.30000000000000004,1.0,6.123233995736766e-17,-0.9242907221930934,-0.3816892202666586,0,1.0,0,0.033865567110478875,1,LOW
Low Relief,2026-09-08 12:00:00,20.816666666666666,71.5,0.7999999999999999,14.65,0.2251666666666667,0.30050000000000004,23.683333333333334,0.9100000000000001,1.9000000000000004,1.8000000000000003,0.0,0.0,26.7,4.6000000000000005,4.700000000000001,4.700000000000001,1.9000000000000004,74.33333333333333,2.56,3.7155000000000005,0.26283333333333336,-0.013499999999999956,0.18716666666666665,0,-5.883333333333333,-0.11000000000000021,2.0400000000000005,57.199999999999996,0.4,0.4,1.2246467991473532e-16,-1.0,-0.9242907221930934,-0.3816892202666586,0,1.0,0,0.0,0,LOW
Low Relief,2026-09-08 18:00:00,20.366666666666667,74.66666666666667,0.0,16.650000000000002,0.2171666666666667,0.2986666666666667,21.166666666666664,0.33999999999999997,0.7999999999999999,1.9000000000000004,0.1,0.0,21.283333333333335,4.500000000000001,4.700000000000001,4.700000000000001,1.9000000000000004,74.66666666666667,2.0700000000000003,2.1049506250000007,0.2579166666666667,-0.008000000000000007,0.19208333333333333,0,-0.9166666666666679,-0.33999999999999997,2.4300000000000006,0.0,0.2,0.2,-1.0,-1.8369701987210297e-16,-0.9242907221930934,-0.3816892202666586,0,1.0,0,0.0,0,LOW
Low Relief,2026-09-09 00:00:00,18.8,81.66666666666667,0.0,10.05,0.2191666666666667,0.29749999999999993,18.583333333333332,0.07,0.0,0.7999999999999999,1.8000000000000003,0.1,20.400000000000002,2.7,4.6000000000000005,4.700000000000001,1.9000000000000004,81.66666666666667,1.8500000000000003,1.51761125,0.2583333333333333,0.0020000000000000018,0.1916666666666667,0,-1.6000000000000014,-0.07,0.8499999999999999,0.0,0.2,0.2,0.0,1.0,-0.9307239310379793,-0.3657225234972692,0,1.0,0,0.0008316008374094963,0,LOW
Low Relief,2026-09-09 06:00:00,20.05,75.5,0.0,4.416666666666667,0.22016666666666665,0.296,19.599999999999998,0.8300000000000001,0.0,0.0,1.9000000000000004,0.0,20.2,0.7999999999999999,4.6000000000000005,4.700000000000001,0.7999999999999999,81.66666666666667,2.1500000000000004,0.9918118750000002,0.25808333333333333,0.0009999999999999454,0.19191666666666668,0,-0.14999999999999858,-0.8300000000000001,-1.3500000000000005,0.0,0.1,0.1,1.0,6.123233995736766e-17,-0.9307239310379793,-0.3657225234972692,0,1.0,0,0.0,0,LOW
Low Relief,2026-09-09 12:00:00,23.083333333333332,63.0,0.0,12.9,0.20550000000000002,0.29450000000000004,24.450000000000003,1.7499999999999998,0.0,0.0,0.7999999999999999,0.0,20.816666666666666,0.0,4.6000000000000005,4.700000000000001,0.0,81.66666666666667,2.9899999999999998,0.41760499999999995,0.25,-0.014666666666666633,0.2,0,2.2666666666666657,-1.7499999999999998,-2.9899999999999998,0.0,0.0,0.0,1.2246467991473532e-16,-1.0,-0.9307239310379793,-0.3657225234972692,0,1.0,0,0.0,0,LOW
Low Relief,2026-09-09 18:00:00,23.3,63.666666666666664,0.0,9.783333333333333,0.19799999999999998,0.2926666666666667,21.883333333333336,0.37,0.0,0.0,0.0,0.1,20.366666666666667,0.0,4.500000000000001,4.700000000000001,0.0,81.66666666666667,3.02,0.0,0.24533333333333335,-0.007500000000000034,0.20466666666666666,0,2.9333333333333336,-0.37,-3.02,0.0,0.0,0.0,-1.0,-1.8369701987210297e-16,-0.9307239310379793,-0.3657225234972692,0,1.0,0,0.0,0,LOW
Low Relief,2026-09-10 00:00:00,21.86666666666667,75.0,0.0,9.883333333333333,0.19933333333333333,0.2914999999999999,20.616666666666667,0.15999999999999998,0.0,0.0,0.0,1.8000000000000003,18.8,0.0,2.7,4.6000000000000005,0.0,75.5,3.1100000000000003,0.0,0.24541666666666662,0.001333333333333353,0.2045833333333334,0,3.06666666666667,-0.15999999999999998,-3.1100000000000003,0.0,0.0,0.0,0.0,1.0,-0.9368813462954315,-0.34964745525122826,0,1.0,0,0.0,0,LOW
Low Relief,2026-09-10 06:00:00,22.033333333333335,75.5,0.1,13.200000000000001,0.19983333333333334,0.2901666666666667,21.05,0.5800000000000001,0.0,0.0,0.0,1.9000000000000004,20.05,0.1,0.8999999999999999,4.7,0.1,75.5,2.86,0.1,0.245,0.0005000000000000004,0.20500000000000002,0,1.9833333333333343,-0.4800000000000001,-2.76,7.550000000000001,0.0,0.0,1.0,6.123233995736766e-17,-0.9368813462954315,-0.34964745525122826,0,1.0,0,0.0,0,LOW
Low Relief,2026-09-10 12:00:00,22.166666666666668,72.83333333333333,1.1,16.216666666666665,0.18966666666666665,0.28850000000000003,25.133333333333336,0.9,0.1,0.0,0.0,0.7999999999999999,23.083333333333332,1.2000000000000002,1.2000000000000002,5.800000000000001,1.1,75.5,2.0100000000000002,1.185,0.23908333333333334,-0.010166666666666685,0.21091666666666667,0,-0.9166666666666643,0.20000000000000007,-0.81,80.11666666666667,0.0,0.0,1.2246467991473532e-16,-1.0,-0.9368813462954315,-0.34964745525122826,0,1.0,0,0.0,0,LOW
Low Relief,2026-09-10 18:00:00,21.883333333333336,74.83333333333333,0.0,10.466666666666667,0.18416666666666667,0.287,23.049999999999997,0.27,1.1,0.1,0.0,0.0,23.3,1.2000000000000002,1.2000000000000002,5.700000000000001,1.1,75.5,1.9100000000000001,1.00725,0.2355833333333333,-0.005499999999999977,0.2144166666666667,0,-1.4166666666666643,-0.27,-0.71,0.0,0.0,0.0,-1.0,-1.8369701987210297e-16,-0.9368813462954315,-0.34964745525122826,0,1.0,0,0.0,0,LOW
Low Relief,2026-09-11 00:00:00,20.383333333333336,87.0,0.0,6.566666666666666,0.18633333333333335,0.2854999999999999,20.5,0.0,0.0,1.1,0.0,0.0,21.86666666666667,1.2000000000000002,1.2000000000000002,3.9000000000000004,1.1,87.0,1.75,0.7947500000000001,0.23591666666666664,0.002166666666666678,0.21408333333333338,0,-1.4833333333333343,0.0,-0.5499999999999998,0.0,0.0,0.0,0.0,1.0,-0.9427611433904206,-0.33346877891818705,0,1.0,0,0.018058258295059203,0,LOW
Low Relief,2026-09-11 06:00:00,21.333333333333332,75.0,0.0,5.1499999999999995,0.18683333333333332,0.284,21.883333333333336,0.88,0.0,0.0,0.1,0.0,22.033333333333335,1.1,1.2000000000000002,2.0,1.1,87.0,2.05,0.052200625,0.23541666666666666,0.0004999999999999727,0.21458333333333335,0,-0.7000000000000028,-0.88,-0.9499999999999997,0.0,0.0,0.0,1.0,6.123233995736766e-17,-0.9427611433904206,-0.33346877891818705,0,1.0,0,0.0,0,LOW
Low Relief,2026-09-11 12:00:00,24.51666666666667,52.5,0.0,12.583333333333334,0.17500000000000002,0.28250000000000003,27.23333333333333,2.51,0.0,0.0,1.1,0.0,22.166666666666668,0.0,1.2000000000000002,1.2000000000000002,0.0,87.0,3.6599999999999997,0.574206875,0.22875,-0.011833333333333307,0.22125,0,2.3500000000000014,-2.51,-3.6599999999999997,0.0,0.0,0.0,1.2246467991473532e-16,-1.0,-0.9427611433904206,-0.33346877891818705,0,1.0,0,0.0,0,LOW
Low Relief,2026-09-11 18:00:00,22.383333333333336,67.5,0.0,5.6499999999999995,0.169,0.2810000000000001,23.73333333333333,0.25,0.0,0.0,0.0,0.0,21.883333333333336,0.0,1.2000000000000002,1.2000000000000002,0.0,87.0,3.6399999999999997,0.0,0.22500000000000003,-0.006000000000000005,0.22499999999999998,0,0.5,-0.25,-3.6399999999999997,0.0,0.0,0.0,-1.0,-1.8369701987210297e-16,-0.9427611433904206,-0.33346877891818705,0,1.0,0,0.0,0,LOW
Low Relief,2026-09-12 00:00:00,19.599999999999998,84.66666666666667,0.0,2.9499999999999997,0.17300000000000001,0.2795,20.849999999999998,0.0,0.0,0.0,0.0,0.0,20.383333333333336,0.0,1.2000000000000002,1.2000000000000002,0.0,84.66666666666667,3.6399999999999997,0.0,0.22625,0.0040000000000000036,0.22375,0,-0.7833333333333385,0.0,-3.6399999999999997,0.0,0.0,0.0,0.0,1.0,-0.9483615800121716,-0.31719128858910595,0,1.0,0,0.0009756096638739109,0,LOW
Low Relief,2026-09-12 06:00:00,21.88333333333333,76.66666666666667,0.0,9.049999999999999,0.17899999999999996,0.2785,21.833333333333332,0.9900000000000001,0.0,0.0,0.0,0.1,21.333333333333332,0.0,1.1,1.2000000000000002,0.0,84.66666666666667,3.75,0.0,0.22875,0.00599999999999995,0.22125,0,0.5499999999999972,-0.9900000000000001,-3.75,0.0,0.0,0.0,1.0,6.123233995736766e-17,-0.9483615800121716,-0.31719128858910595,0,1.0,0,0.0,0,LOW
Low Relief,2026-09-12 12:00:00,25.96666666666667,53.166666666666664,0.0,19.983333333333334,0.17833333333333334,0.2773333333333334,26.266666666666666,2.63,0.0,0.0,0.0,1.1,24.51666666666667,0.0,0.0,1.2000000000000002,0.0,84.66666666666667,3.87,0.0,0.22783333333333336,-0.000666666666666621,0.22216666666666665,0,1.4499999999999993,-2.63,-3.87,0.0,0.0,0.0,1.2246467991473532e-16,-1.0,-0.9483615800121716,-0.31719128858910595,0,1.0,0,0.0,0,LOW
Low Relief,2026-09-12 18:00:00,22.899999999999995,68.33333333333333,0.0,12.9,0.17350000000000002,0.2763333333333334,23.533333333333335,0.44000000000000006,0.0,0.0,0.0,0.0,22.383333333333336,0.0,0.0,1.2000000000000002,0.0,84.66666666666667,4.0600000000000005,0.0,0.2249166666666667,-0.004833333333333328,0.2250833333333333,0,0.5166666666666586,-0.44000000000000006,-4.0600000000000005,0.0,0.0,0.0,-1.0,-1.8369701987210297e-16,-0.9483615800121716,-0.31719128858910595,0,1.0,0,0.0,0,LOW
Low Relief,2026-09-13 00:00:00,21.2,83.33333333333333,0.0,6.566666666666667,0.17600000000000002,0.2745,20.666666666666668,0.01,0.0,0.0,0.0,0.0,19.599999999999998,0.0,0.0,1.2000000000000002,0.0,83.33333333333333,4.07,0.0,0.22525,0.0025000000000000022,0.22475,0,1.6000000000000014,-0.01,-4.07,0.0,0.0,0.0,0.0,1.0,-0.9536809966304455,-0.300819807635668,0,1.0,0,0.0008316008374094963,0,LOW
Low Relief,2026-09-13 06:00:00,23.633333333333336,72.33333333333333,0.0,14.183333333333332,0.17666666666666667,0.2731666666666667,22.88333333333333,1.1300000000000001,0.0,0.0,0.0,0.0,21.88333333333333,0.0,0.0,1.1,0.0,83.33333333333333,4.21,0.0,0.2249166666666667,0.0006666666666666488,0.2250833333333333,0,1.750000000000007,-1.1300000000000001,-4.21,0.0,0.0,0.0,1.0,6.123233995736766e-17,-0.9536809966304455,-0.300819807635668,0,1.0,0,0.0,0,LOW
Low Relief,2026-09-13 12:00:00,27.0,57.333333333333336,0.0,24.11666666666667,0.1605,0.27233333333333337,27.28333333333333,2.7199999999999998,0.0,0.0,0.0,0.0,25.96666666666667,0.0,0.0,0.0,0.0,83.33333333333333,4.3,0.0,0.2164166666666667,-0.016166666666666663,0.2335833333333333,0,1.0333333333333314,-2.7199999999999998,-4.3,0.0,0.0,0.0,1.2246467991473532e-16,-1.0,-0.9536809966304455,-0.300819807635668,0,1.0,0,0.0,0,LOW
Low Relief,2026-09-13 18:00:00,23.633333333333336,80.16666666666667,0.0,13.633333333333333,0.152,0.27133333333333337,24.53333333333333,0.31000000000000005,0.0,0.0,0.0,0.0,22.899999999999995,0.0,0.0,0.0,0.0,83.33333333333333,4.17,0.0,0.21166666666666667,-0.008500000000000008,0.23833333333333334,0,0.7333333333333414,-0.31000000000000005,-4.17,0.0,0.0,0.0,-1.0,-1.8369701987210297e-16,-0.9536809966304455,-0.300819807635668,0,1.0,0,0.0,0,LOW
Low Relief,2026-09-14 00:00:00,22.383333333333336,87.0,0.0,6.3500000000000005,0.155,0.27033333333333337,21.21666666666667,0.0,0.0,0.0,0.0,0.0,21.2,0.0,0.0,0.0,0.0,87.0,4.16,0.0,0.21266666666666667,0.0030000000000000027,0.23733333333333334,0,1.1833333333333371,0.0,-4.16,0.0,0.0,0.0,0.0,1.0,-0.9587178169872964,-0.2843591872810036,0,1.0,0,0.03675496876239777,1,LOW
Low Relief,2026-09-14 06:00:00,24.21666666666667,76.16666666666667,0.0,5.933333333333334,0.15583333333333335,0.2685,23.349999999999998,1.06,0.0,0.0,0.0,0.0,23.633333333333336,0.0,0.0,0.0,0.0,87.0,4.09,0.0,0.21216666666666667,0.0008333333333333526,0.23783333333333334,0,0.5833333333333321,-1.06,-4.09,0.0,0.0,0.0,1.0,6.123233995736766e-17,-0.9587178169872964,-0.2843591872810036,0,1.0,0,0.0,0,LOW
Low Relief,2026-09-14 12:00:00,26.150000000000002,69.66666666666667,0.0,11.416666666666666,0.14016666666666666,0.2671666666666666,27.933333333333334,2.5300000000000002,0.0,0.0,0.0,0.0,27.0,0.0,0.0,0.0,0.0,87.0,3.9000000000000004,0.0,0.20366666666666663,-0.01566666666666669,0.24633333333333338,0,-0.8499999999999979,-2.5300000000000002,-3.9000000000000004,0.0,0.0,0.0,1.2246467991473532e-16,-1.0,-0.9587178169872964,-0.2843591872810036,0,1.0,0,0.0,0,LOW
Low Relief,2026-09-14 18:00:00,25.016666666666666,77.66666666666667,0.0,10.15,0.1335,0.26633333333333337,25.3,0.28,0.0,0.0,0.0,0.0,23.633333333333336,0.0,0.0,0.0,0.0,87.0,3.87,0.0,0.1999166666666667,-0.006666666666666654,0.2500833333333333,0,1.3833333333333293,-0.28,-3.87,0.0,0.0,0.0,-1.0,-1.8369701987210297e-16,-0.9587178169872964,-0.2843591872810036,0,1.0,0,0.0,0,LOW
Low Relief,2026-09-15 00:00:00,22.433333333333334,86.66666666666667,0.0,4.183333333333334,0.13616666666666669,0.2645,21.816666666666666,0.0,0.0,0.0,0.0,0.0,22.383333333333336,0.0,0.0,0.0,0.0,86.66666666666667,3.87,0.0,0.20033333333333336,0.0026666666666666783,0.24966666666666665,0,0.04999999999999716,0.0,-3.87,0.0,0.0,0.0,0.0,1.0,-0.9634705485641486,-0.26781430516217486,0,1.0,0,0.04004256706684828,1,LOW
Low Relief,2026-09-15 06:00:00,24.233333333333334,80.0,0.0,5.616666666666667,0.1375,0.2631666666666666,23.700000000000003,1.04,0.0,0.0,0.0,0.0,24.21666666666667,0.0,0.0,0.0,0.0,86.66666666666667,3.8500000000000005,0.0,0.2003333333333333,0.0013333333333333253,0.2496666666666667,0,0.01666666666666572,-1.04,-3.8500000000000005,0.0,0.0,0.0,1.0,6.123233995736766e-17,-0.9634705485641486,-0.26781430516217486,0,1.0,0,0.0008316008374094963,0,LOW
Low Relief,2026-09-15 12:00:00,26.549999999999997,68.83333333333333,0.0,9.233333333333334,0.123,0.26233333333333336,28.53333333333333,2.58,0.0,0.0,0.0,0.0,26.150000000000002,0.0,0.0,0.0,0.0,86.66666666666667,3.9000000000000004,0.0,0.19266666666666668,-0.014500000000000013,0.2573333333333333,0,0.399999999999995,-2.58,-3.9000000000000004,0.0,0.0,0.0,1.2246467991473532e-16,-1.0,-0.9634705485641486,-0.26781430516217486,0,1.0,0,0.0008316008374094963,0,LOW
Low Relief,2026-09-15 18:00:00,25.183333333333334,73.16666666666667,0.0,6.5,0.1165,0.2605,25.283333333333335,0.24000000000000002,0.0,0.0,0.0,0.0,25.016666666666666,0.0,0.0,0.0,0.0,86.66666666666667,3.8600000000000003,0.0,0.1885,-0.006499999999999992,0.2615,0,0.16666666666666785,-0.24000000000000002,-3.8600000000000003,0.0,0.0,0.0,-1.0,-1.8369701987210297e-16,-0.9634705485641486,-0.26781430516217486,0,1.0,0,0.0008316008374094963,0,LOW
Low Relief,2026-09-16 00:00:00,22.883333333333336,80.0,0.0,1.4666666666666668,0.11916666666666666,0.2591666666666666,21.150000000000002,0.0,0.0,0.0,0.0,0.0,22.433333333333334,0.0,0.0,0.0,0.0,80.0,3.8600000000000003,0.0,0.18916666666666662,0.0026666666666666505,0.26083333333333336,0,0.45000000000000284,0.0,-3.8600000000000003,0.0,0.0,0.0,0.0,1.0,-0.9679377830240641,-0.25119006388481957,0,1.0,0,0.0009756096638739109,0,LOW
Low Relief,2026-09-16 06:00:00,25.016666666666666,74.66666666666667,0.0,6.216666666666666,0.12033333333333333,0.25816666666666666,23.433333333333334,1.1,0.0,0.0,0.0,0.0,24.233333333333334,0.0,0.0,0.0,0.0,80.0,3.9200000000000004,0.0,0.18925,0.001166666666666677,0.26075000000000004,0,0.7833333333333314,-1.1,-3.9200000000000004,0.0,0.0,0.0,1.0,6.123233995736766e-17,-0.9679377830240641,-0.25119006388481957,0,1.0,0,0.0008316008374094963,0,LOW
Low Relief,2026-09-16 12:00:00,26.583333333333332,72.16666666666667,0.0,13.616666666666667,0.10816666666666667,0.25733333333333336,28.48333333333333,2.54,0.0,0.0,0.0,0.0,26.549999999999997,0.0,0.0,0.0,0.0,80.0,3.88,0.0,0.18275000000000002,-0.012166666666666659,0.26725,0,0.03333333333333499,-2.54,-3.88,0.0,0.0,0.0,1.2246467991473532e-16,-1.0,-0.9679377830240641,-0.25119006388481957,0,1.0,0,0.0008316008374094963,0,LOW
Low Relief,2026-09-16 18:00:00,25.183333333333337,83.66666666666667,0.0,13.033333333333333,0.1035,0.25633333333333336,25.816666666666666,0.26,0.0,0.0,0.0,0.0,25.183333333333334,0.0,0.0,0.0,0.0,83.66666666666667,3.9000000000000004,0.0,0.17991666666666667,-0.00466666666666668,0.27008333333333334,0,3.552713678800501e-15,-0.26,-3.9000000000000004,0.0,0.0,0.0,-1.0,-1.8369701987210297e-16,-0.9679377830240641,-0.25119006388481957,0,1.0,0,0.0009756095707416535,0,LOW
Low Relief,2026-09-17 00:00:00,23.483333333333334,93.0,0.0,7.3166666666666655,0.10616666666666667,0.2545,22.75,0.0,0.0,0.0,0.0,0.0,22.883333333333336,0.0,0.0,0.0,0.0,93.0,3.9000000000000004,0.0,0.18033333333333335,0.0026666666666666783,0.26966666666666667,0,0.5999999999999979,0.0,-3.9000000000000004,0.0,0.0,0.0,0.0,1.0,-0.9721181966290612,-0.23449138957041052,0,1.0,0,0.05051779076457023,1,LOW
Low Relief,2026-09-17 06:00:00,25.283333333333335,83.83333333333333,0.0,11.616666666666667,0.10816666666666667,0.2531666666666667,24.71666666666667,1.02,0.0,0.0,0.0,0.0,25.016666666666666,0.0,0.0,0.0,0.0,93.0,3.82,0.0,0.1806666666666667,0.0020000000000000018,0.2693333333333333,0,0.26666666666666927,-1.02,-3.82,0.0,0.0,0.0,1.0,6.123233995736766e-17,-0.9721181966290612,-0.23449138957041052,0,1.0,0,0.0009756096638739109,0,LOW
Low Relief,2026-09-17 12:00:00,27.000000000000004,76.5,0.0,12.983333333333334,0.09766666666666667,0.25233333333333335,29.516666666666666,2.4299999999999997,0.0,0.0,0.0,0.0,26.583333333333332,0.0,0.0,0.0,0.0,93.0,3.71,0.0,0.17500000000000002,-0.01050000000000001,0.275,0,0.4166666666666714,-2.4299999999999997,-3.71,0.0,0.0,0.0,1.2246467991473532e-16,-1.0,-0.9721181966290612,-0.23449138957041052,0,1.0,0,0.0008316008374094963,0,LOW
Low Relief,2026-09-17 18:00:00,24.83333333333334,83.33333333333333,0.0,4.983333333333333,0.09349999999999999,0.25133333333333335,25.999999999999996,0.16,0.0,0.0,0.0,0.0,25.183333333333337,0.0,0.0,0.0,0.0,93.0,3.61,0.0,0.17241666666666666,-0.00416666666666668,0.27758333333333335,0,-0.34999999999999787,-0.16,-3.61,0.0,0.0,0.0,-1.0,-1.8369701987210297e-16,-0.9721181966290612,-0.23449138957041052,0,1.0,0,0.0009756097570061684,0,LOW
Low Relief,2026-09-18 00:00:00,23.883333333333336,84.83333333333333,0.0,18.05,0.09566666666666666,0.25033333333333335,23.150000000000002,0.18,0.0,0.0,0.0,0.0,23.483333333333334,0.0,0.0,0.0,0.0,84.83333333333333,3.79,0.0,0.17300000000000001,0.002166666666666678,0.277,0,0.40000000000000213,-0.18,-3.79,0.0,0.0,0.0,0.0,1.0,-0.9760105506323682,-0.21772323039653224,0,1.0,0,0.0066666677594184875,0,LOW
Low Relief,2026-09-18 06:00:00,26.53333333333333,70.16666666666667,0.0,26.23333333333333,0.09483333333333333,0.24933333333333332,25.150000000000002,1.4200000000000002,0.0,0.0,0.0,0.0,25.283333333333335,0.0,0.0,0.0,0.0,84.83333333333333,4.19,0.0,0.1720833333333333,-0.0008333333333333387,0.2779166666666667,0,1.2499999999999964,-1.4200000000000002,-4.19,0.0,0.0,0.0,1.0,6.123233995736766e-17,-0.9760105506323682,-0.21772323039653224,0,1.0,0,0.0008316008374094963,0,LOW
Low Relief,2026-09-18 12:00:00,27.86666666666667,60.833333333333336,0.0,25.73333333333333,0.08366666666666667,0.24833333333333332,29.53333333333333,2.7399999999999998,0.0,0.0,0.0,0.0,27.000000000000004,0.0,0.0,0.0,0.0,84.83333333333333,4.5,0.0,0.16599999999999998,-0.011166666666666658,0.28400000000000003,0,0.8666666666666671,-2.7399999999999998,-4.5,0.0,0.0,0.0,1.2246467991473532e-16,-1.0,-0.9760105506323682,-0.21772323039653224,0,1.0,0,0.0008316009305417537,0,LOW
Low Relief,2026-09-18 18:00:00,25.233333333333334,74.16666666666667,0.0,23.28333333333333,0.079,0.24650000000000002,26.58333333333334,0.5800000000000001,0.0,0.0,0.0,0.0,24.83333333333334,0.0,0.0,0.0,0.0,84.83333333333333,4.92,0.0,0.16275,-0.004666666666666666,0.28725,0,0.399999999999995,-0.5800000000000001,-4.92,0.0,0.0,0.0,-1.0,-1.8369701987210297e-16,-0.9760105506323682,-0.21772323039653224,0,1.0,0,0.0008316008374094963,0,LOW
Low Relief,2026-09-19 00:00:00,23.71666666666667,81.5,0.0,21.2,0.07966666666666668,0.24516666666666667,23.616666666666664,0.26,0.0,0.0,0.0,0.0,23.883333333333336,0.0,0.0,0.0,0.0,81.5,5.0,0.0,0.16241666666666668,0.0006666666666666765,0.2875833333333333,0,-0.16666666666666785,-0.26,-5.0,0.0,0.0,0.0,0.0,1.0,-0.9796136916454901,-0.20089055513063528,0,1.0,0,0.0008316008374094963,0,LOW
Low Relief,2026-09-19 06:00:00,26.11666666666667,66.66666666666667,0.0,21.383333333333336,0.0805,0.24433333333333332,25.25,1.4000000000000001,0.0,0.0,0.0,0.0,26.53333333333333,0.0,0.0,0.0,0.0,81.5,4.98,0.0,0.16241666666666665,0.0008333333333333248,0.28758333333333336,0,-0.41666666666666075,-1.4000000000000001,-4.98,0.0,0.0,0.0,1.0,6.123233995736766e-17,-0.9796136916454901,-0.20089055513063528,0,1.0,0,0.0008316009305417537,0,LOW
Low Relief,2026-09-19 12:00:00,28.25,52.5,0.0,18.283333333333335,0.071,0.24333333333333332,30.316666666666666,2.8100000000000005,0.0,0.0,0.0,0.0,27.86666666666667,0.0,0.0,0.0,0.0,81.5,5.050000000000001,0.0,0.15716666666666665,-0.009500000000000008,0.2928333333333334,0,0.3833333333333293,-2.8100000000000005,-5.050000000000001,0.0,0.0,0.0,1.2246467991473532e-16,-1.0,-0.9796136916454901,-0.20089055513063528,0,1.0,0,0.0008316008374094963,0,LOW
Low Relief,2026-09-19 18:00:00,25.183333333333334,76.0,0.0,9.483333333333334,0.0675,0.24216666666666664,27.0,0.28,0.0,0.0,0.0,0.0,25.233333333333334,0.0,0.0,0.0,0.0,81.5,4.750000000000001,0.0,0.15483333333333332,-0.0034999999999999892,0.2951666666666667,0,-0.05000000000000071,-0.28,-4.750000000000001,0.0,0.0,0.0,-1.0,-1.8369701987210297e-16,-0.9796136916454901,-0.20089055513063528,0,1.0,0,0.0008316009305417537,0,LOW
Low Relief,2026-09-20 00:00:00,23.099999999999998,88.33333333333333,0.0,8.283333333333333,0.0695,0.24116666666666667,23.21666666666667,0.02,0.0,0.0,0.0,0.0,23.71666666666667,0.0,0.0,0.0,0.0,88.33333333333333,4.510000000000001,0.0,0.15533333333333332,0.0020000000000000018,0.2946666666666667,0,-0.6166666666666707,-0.02,-4.510000000000001,0.0,0.0,0.0,0.0,1.0,-0.9829265519799822,-0.18399835165767986,0,1.0,0,0.032266396656632425,1,LOW
Low Relief,2026-09-20 06:00:00,25.816666666666666,69.16666666666667,0.0,12.35,0.071,0.24033333333333332,25.166666666666668,1.21,0.0,0.0,0.0,0.0,26.11666666666667,0.0,0.0,0.0,0.0,88.33333333333333,4.32,0.0,0.15566666666666665,0.0014999999999999875,0.29433333333333334,0,-0.30000000000000426,-1.21,-4.32,0.0,0.0,0.0,1.0,6.123233995736766e-17,-0.9829265519799822,-0.18399835165767986,0,1.0,0,0.0008316008374094963,0,LOW
Low Relief,2026-09-20 12:00:00,28.066666666666666,62.5,0.0,9.0,0.06366666666666666,0.23933333333333331,31.683333333333334,2.59,0.0,0.0,0.0,0.0,28.25,0.0,0.0,0.0,0.0,88.33333333333333,4.1,0.0,0.1515,-0.007333333333333331,0.2985,0,-0.18333333333333357,-2.59,-4.1,0.0,0.0,0.0,1.2246467991473532e-16,-1.0,-0.9829265519799822,-0.18399835165767986,0,1.0,0,0.0008316008374094963,0,LOW
Low Relief,2026-09-20 18:00:00,26.166666666666668,73.33333333333333,0.0,5.016666666666667,0.06133333333333333,0.2383333333333333,28.3,0.2,0.0,0.0,0.0,0.0,25.183333333333334,0.0,0.0,0.0,0.0,88.33333333333333,4.02,0.0,0.14983333333333332,-0.002333333333333333,0.3001666666666667,0,0.9833333333333343,-0.2,-4.02,0.0,0.0,0.0,-1.0,-1.8369701987210297e-16,-0.9829265519799822,-0.18399835165767986,0,1.0,0,0.0008316008374094963,0,LOW
Low Relief,2026-09-21 00:00:00,23.733333333333334,85.33333333333333,0.0,1.9000000000000001,0.0635,0.2373333333333333,23.099999999999998,0.0,0.0,0.0,0.0,0.0,23.099999999999998,0.0,0.0,0.0,0.0,85.33333333333333,4.0,0.0,0.15041666666666664,0.002166666666666671,0.29958333333333337,0,0.6333333333333364,0.0,-4.0,0.0,0.0,0.0,0.0,1.0,-0.9859481499638303,-0.1670516255021195,0,1.0,0,0.011225920729339122,0,LOW
Low Relief,2026-09-21 06:00:00,25.900000000000002,78.16666666666667,0.0,5.833333333333333,0.06566666666666666,0.2363333333333333,25.28333333333333,1.03,0.0,0.0,0.0,0.0,25.816666666666666,0.0,0.0,0.0,0.0,85.33333333333333,3.8200000000000003,0.0,0.151,0.002166666666666664,0.29900000000000004,0,0.0833333333333357,-1.03,-3.8200000000000003,0.0,0.0,0.0,1.0,6.123233995736766e-17,-0.9859481499638303,-0.1670516255021195,0,1.0,0,0.0008316008374094963,0,LOW
Low Relief,2026-09-21 12:00:00,26.216666666666665,61.166666666666664,0.0,12.233333333333334,0.061399999999999996,0.2352,30.879999999999995,2.57,0.0,0.0,0.0,0.0,28.066666666666666,0.0,0.0,0.0,0.0,85.33333333333333,3.8,0.0,0.1483,-0.004266666666666669,0.3017,0,-1.8500000000000014,-2.57,-3.8,0.0,0.0,0.0,1.2246467991473532e-16,-1.0,-0.9859481499638303,-0.1670516255021195,0,1.0,0,0.0008316008374094963,0,LOW
Low Relief,2026-09-21 18:00:00,23.849999999999998,47.833333333333336,0.0,11.583333333333334,0.0,0.0,0.0,0.6100000000000001,0.0,0.0,0.0,0.0,26.166666666666668,0.0,0.0,0.0,0.0,85.33333333333333,4.21,0.0,0.0,-0.061399999999999996,0.45,0,-2.31666666666667,-0.6100000000000001,-4.21,0.0,0.0,0.0,-1.0,-1.8369701987210297e-16,-0.9859481499638303,-0.1670516255021195,0,0.6666666666666667,0,0.0,0,LOW
Low Relief,2026-09-22 00:00:00,20.13333333333333,79.61111111111111,0.10000000000000002,11.155555555555557,0.15266666666666667,0.16130555555555556,21.052777777777777,0.15166666666666667,0.0,0.0,0.0,0.0,23.733333333333334,0.10000000000000002,0.10000000000000002,0.10000000000000002,0.10000000000000002,79.61111111111111,4.361666666666666,0.10000000000000002,0.1569861111111111,0.15266666666666667,0.2930138888888889,0,-3.600000000000005,-0.05166666666666665,-4.261666666666667,7.961111111111113,0.5666666666666667,0.5666666666666667,0.0,1.0,-0.9886775902323404,-0.15005539834465262,0,1.0,0,0.0,0,LOW
Low Relief,2026-09-22 06:00:00,21.73611111111111,69.66666666666666,0.016666666666666666,11.958333333333334,0.159,0.16113888888888891,21.53333333333333,0.8966666666666666,0.10000000000000002,0.0,0.0,0.0,25.900000000000002,0.11666666666666668,0.11666666666666668,0.11666666666666668,0.10000000000000002,79.61111111111111,4.2283333333333335,0.10166666666666668,0.16006944444444446,0.00633333333333333,0.2899305555555556,0,-4.163888888888891,-0.8799999999999999,-4.111666666666667,1.161111111111111,0.6,0.6,1.0,6.123233995736766e-17,-0.9886775902323404,-0.15005539834465262,0,1.0,0,0.0,0,LOW
Low Relief,2026-09-22 12:00:00,24.694444444444443,53.27777777777778,0.03333333333333333,13.65,0.15519444444444444,0.16091666666666668,27.95833333333333,2.1083333333333334,0.016666666666666666,0.10000000000000002,0.0,0.0,26.216666666666665,0.15000000000000002,0.15000000000000002,0.15000000000000002,0.10000000000000002,79.61111111111111,3.7666666666666666,0.11975000000000002,0.15805555555555556,-0.003805555555555562,0.29194444444444445,0,-1.5222222222222221,-2.075,-3.6166666666666667,1.775925925925926,0.6166666666666667,0.6166666666666667,1.2246467991473532e-16,-1.0,-0.9886775902323404,-0.15005539834465262,0,1.0,0,0.0,0,LOW
Low Relief,2026-09-22 18:00:00,21.977777777777778,73.11111111111111,0.0,10.663888888888888,0.15255555555555556,0.16066666666666665,24.347222222222218,0.31,0.03333333333333333,0.016666666666666666,0.0,0.0,23.849999999999998,0.15000000000000002,0.15000000000000002,0.15000000000000002,0.10000000000000002,79.61111111111111,3.466666666666667,0.040375,0.1566111111111111,-0.002638888888888885,0.2933888888888889,0,-1.87222222222222,-0.31,-3.316666666666667,0.0,0.6666666666666667,0.6666666666666667,-1.0,-1.8369701987210297e-16,-0.9886775902323404,-0.15005539834465262,0,1.0,0,0.0,0,LOW
Low Relief,2026-09-23 00:00:00,20.147222222222222,80.44444444444444,0.0,10.158333333333333,0.15261111111111111,0.16074999999999998,21.03888888888889,0.12666666666666668,0.0,0.03333333333333333,0.10000000000000002,0.0,20.13333333333333,0.05,0.15000000000000002,0.15000000000000002,0.03333333333333333,80.44444444444444,3.4416666666666664,0.07628395833333335,0.15668055555555555,5.555555555555869e-05,0.29331944444444447,0,0.013888888888892836,-0.12666666666666668,-3.3916666666666666,0.0,0.15000000000000002,0.15000000000000002,0.0,1.0,-0.9911140639934546,-0.13301470653419636,0,1.0,0,0.0,0,LOW
Low Relief,2026-09-23 06:00:00,22.016666666666666,70.13888888888889,0.0,13.488888888888889,0.15280555555555556,0.16077777777777777,21.933333333333334,1.01,0.0,0.0,0.016666666666666666,0.0,21.73611111111111,0.03333333333333333,0.15000000000000002,0.15000000000000002,0.03333333333333333,80.44444444444444,3.5549999999999997,0.008700104166666667,0.15679166666666666,0.00019444444444444153,0.29320833333333335,0,0.280555555555555,-1.01,-3.5216666666666665,0.0,0.1166666666666667,0.1166666666666667,1.0,6.123233995736766e-17,-0.9911140639934546,-0.13301470653419636,0,1.0,0,0.0,0,LOW
Low Relief,2026-09-23 12:00:00,24.91111111111111,57.08333333333332,0.0,16.84444444444445,0.14775000000000002,0.1605277777777778,28.65833333333333,2.3249999999999997,0.0,0.0,0.03333333333333333,0.0,24.694444444444443,0.0,0.15000000000000002,0.15000000000000002,0.0,80.44444444444444,3.7716666666666665,0.017400208333333333,0.1541388888888889,-0.005055555555555535,0.29586111111111113,0,0.21666666666666856,-2.3249999999999997,-3.7716666666666665,0.0,0.10000000000000002,0.10000000000000002,1.2246467991473532e-16,-1.0,-0.9911140639934546,-0.13301470653419636,0,1.0,0,0.0,0,LOW
Low Relief,2026-09-23 18:00:00,21.913888888888888,73.8611111111111,0.0,12.902777777777779,0.1446388888888889,0.16050000000000003,24.419444444444448,0.27499999999999997,0.0,0.0,0.0,0.0,21.977777777777778,0.0,0.15000000000000002,0.15000000000000002,0.0,80.44444444444444,3.7366666666666664,0.0,0.15256944444444448,-0.00311111111111112,0.29743055555555553,0,-0.06388888888889,-0.27499999999999997,-3.7366666666666664,0.0,0.05000000000000001,0.05000000000000001,-1.0,-1.8369701987210297e-16,-0.9911140639934546,-0.13301470653419636,0,1.0,0,0.0,0,LOW
Low Relief,2026-09-24 00:00:00,20.155555555555555,77.58333333333334,0.0,15.600000000000003,0.1448611111111111,0.16041666666666668,20.98333333333333,0.2166666666666667,0.0,0.0,0.0,0.10000000000000002,20.147222222222222,0.0,0.05,0.15000000000000002,0.0,77.58333333333334,3.8266666666666667,0.0,0.15263888888888888,0.000222222222222207,0.29736111111111113,0,0.00833333333333286,-0.2166666666666667,-3.8266666666666667,0.0,0.0,0.0,0.0,1.0,-0.9932568492674143,-0.11593459959550066,0,1.0,0,0.0,0,LOW
Low Relief,2026-09-24 06:00:00,21.858333333333334,70.88888888888889,0.15,15.286111111111111,0.147,0.16025000000000003,21.988888888888884,1.0416666666666667,0.0,0.0,0.0,0.016666666666666666,22.016666666666666,0.15,0.18333333333333332,0.30000000000000004,0.15,77.58333333333334,3.8583333333333334,0.15,0.153625,0.0021388888888888846,0.296375,0,-0.15833333333333144,-0.8916666666666667,-3.7083333333333335,10.633333333333333,0.016666666666666666,0.016666666666666666,1.0,6.123233995736766e-17,-0.9932568492674143,-0.11593459959550066,0,1.0,0,0.0,0,LOW
Low Relief,2026-09-24 12:00:00,24.605555555555554,59.194444444444436,0.03333333333333333,14.508333333333333,0.14333333333333334,0.1599722222222222,28.769444444444442,2.1883333333333335,0.15,0.0,0.0,0.03333333333333333,24.91111111111111,0.18333333333333332,0.18333333333333332,0.33333333333333337,0.15,77.58333333333334,3.7216666666666667,0.16083333333333333,0.15165277777777778,-0.0036666666666666514,0.2983472222222222,0,-0.30555555555555713,-2.1550000000000002,-3.5383333333333336,1.9731481481481479,0.09999999999999999,0.09999999999999999,1.2246467991473532e-16,-1.0,-0.9932568492674143,-0.11593459959550066,0,1.0,0,0.0,0,LOW
Low Relief,2026-09-24 18:00:00,21.46388888888889,76.30555555555556,0.0,16.630555555555556,0.14102777777777778,0.1595,24.29444444444444,0.295,0.03333333333333333,0.15,0.0,0.0,21.913888888888888,0.18333333333333332,0.18333333333333332,0.33333333333333337,0.15,77.58333333333334,3.741666666666667,0.13670833333333332,0.1502638888888889,-0.0023055555555555607,0.2997361111111111,0,-0.4499999999999993,-0.295,-3.558333333333334,0.0,0.09999999999999999,0.09999999999999999,-1.0,-1.8369701987210297e-16,-0.9932568492674143,-0.11593459959550066,0,1.0,0,0.0,0,LOW
Low Relief,2026-09-25 00:00:00,19.541666666666664,78.88888888888889,0.0,20.330555555555552,0.141,0.15961111111111112,21.01388888888889,0.29833333333333334,0.0,0.03333333333333333,0.0,0.0,20.155555555555555,0.18333333333333332,0.18333333333333332,0.23333333333333334,0.15,78.88888888888889,3.8233333333333337,0.024083333333333335,0.15030555555555555,-2.7777777777793222e-05,0.2996944444444445,0,-0.6138888888888907,-0.29833333333333334,-3.6400000000000006,0.0,0.09999999999999999,0.09999999999999999,0.0,1.0,-0.9951053111006974,-0.09882013873287211,0,1.0,0,0.0,0,LOW
Low Relief,2026-09-25 06:00:00,20.747222222222224,70.36111111111111,0.05000000000000001,19.633333333333336,0.14108333333333334,0.15980555555555556,21.36111111111111,0.9199999999999999,0.0,0.0,0.15,0.0,21.858333333333334,0.08333333333333334,0.23333333333333334,0.26666666666666666,0.05000000000000001,78.88888888888889,3.7016666666666667,0.12830093750000002,0.15044444444444444,8.333333333335191e-05,0.2995555555555556,0,-1.1111111111111107,-0.8699999999999999,-3.618333333333333,3.5180555555555566,0.15,0.15,1.0,6.123233995736766e-17,-0.9951053111006974,-0.09882013873287211,0,1.0,0,0.0,0,LOW
Low Relief,2026-09-25 12:00:00,23.277777777777775,56.72222222222222,0.05000000000000001,17.147222222222222,0.1381111111111111,0.15930555555555556,26.63611111111111,1.9516666666666669,0.05000000000000001,0.0,0.03333333333333333,0.0,24.605555555555554,0.10000000000000002,0.2833333333333333,0.2833333333333333,0.05000000000000001,78.88888888888889,3.465,0.10990020833333336,0.14870833333333333,-0.002972222222222237,0.3012916666666667,0,-1.3277777777777793,-1.9016666666666668,-3.3649999999999998,2.8361111111111117,0.15,0.15,1.2246467991473532e-16,-1.0,-0.9951053111006974,-0.09882013873287211,0,1.0,0,0.0,0,LOW
Low Relief,2026-09-25 18:00:00,21.000000000000004,72.19444444444444,0.0,14.874999999999998,0.13475,0.15797222222222224,23.433333333333334,0.36833333333333335,0.05000000000000001,0.05000000000000001,0.0,0.0,21.46388888888889,0.10000000000000002,0.2833333333333333,0.2833333333333333,0.05000000000000001,78.88888888888889,3.538333333333333,0.07862500000000003,0.1463611111111111,-0.0033611111111110925,0.3036388888888889,0,-0.463888888888885,-0.36833333333333335,-3.438333333333333,0.0,0.15,0.15,-1.0,-1.8369701987210297e-16,-0.9951053111006974,-0.09882013873287211,0,1.0,0,0.0,0,LOW
Low Relief,2026-09-26 00:00:00,19.252777777777776,77.77777777777779,0.9833333333333334,13.569444444444443,0.1381111111111111,0.15783333333333335,20.211111111111112,0.21833333333333335,0.0,0.05000000000000001,0.0,0.0,19.541666666666664,1.0833333333333335,1.2666666666666666,1.2666666666666666,0.9833333333333334,77.77777777777779,3.4583333333333335,1.0194583333333334,0.14797222222222223,0.0033611111111110925,0.3020277777777778,0,-0.28888888888888786,0.765,-2.375,76.4814814814815,1.6166666666666667,1.6166666666666667,0.0,1.0,-0.99665890175417,-0.08167639533042288,0,1.0,0,0.0008316008374094963,0,LOW
Low Relief,2026-09-26 06:00:00,20.727777777777778,64.74999999999999,1.0333333333333332,19.094444444444445,0.1614722222222222,0.158,20.708333333333332,1.0699999999999998,0.9833333333333334,0.0,0.05000000000000001,0.15,20.747222222222224,2.0666666666666664,2.15,2.3,1.0333333333333332,77.77777777777779,3.6083333333333334,1.8952669791666668,0.1597361111111111,0.02336111111111111,0.2902638888888889,0,-0.019444444444445708,-0.036666666666666625,-1.541666666666667,66.90833333333332,2.0,2.0,1.0,6.123233995736766e-17,-0.99665890175417,-0.08167639533042288,0,1.0,0,0.0008316008374094963,0,LOW
Low Relief,2026-09-26 12:00:00,23.32777777777778,50.0,0.0,22.333333333333332,0.15386111111111112,0.15819444444444444,26.725000000000005,2.2016666666666667,1.0333333333333332,0.9833333333333334,0.05000000000000001,0.03333333333333333,23.277777777777775,2.0166666666666666,2.1166666666666667,2.3,1.0333333333333332,77.77777777777779,3.8583333333333334,1.6148919791666667,0.15602777777777777,-0.007611111111111096,0.29397222222222225,0,0.05000000000000426,-2.2016666666666667,-1.8416666666666668,0.0,1.9333333333333333,1.9333333333333333,1.2246467991473532e-16,-1.0,-0.99665890175417,-0.08167639533042288,0,1.0,0,0.0,0,LOW
Low Relief,2026-09-26 18:00:00,19.666666666666668,69.30555555555556,0.0,21.01111111111111,0.14580555555555555,0.15866666666666668,22.61111111111111,0.445,0.0,1.0333333333333332,0.0,0.0,21.000000000000004,2.0166666666666666,2.1166666666666667,2.3,1.0333333333333332,77.77777777777779,3.9349999999999996,0.7465833333333333,0.15223611111111113,-0.008055555555555566,0.2977638888888889,0,-1.3333333333333357,-0.445,-1.918333333333333,0.0,1.9333333333333333,1.9333333333333333,-1.0,-1.8369701987210297e-16,-0.99665890175417,-0.08167639533042288,0,1.0,0,0.0,0,LOW
Low Relief,2026-09-27 00:00:00,18.502777777777776,76.91666666666667,0.0,20.55,0.14555555555555558,0.1587777777777778,19.54444444444444,0.2833333333333333,0.0,0.0,0.9833333333333334,0.0,19.252777777777776,1.0333333333333332,2.1166666666666667,2.3,1.0333333333333332,76.91666666666667,3.9999999999999996,0.5133061458333333,0.15216666666666667,-0.00024999999999997247,0.29783333333333334,0,-0.75,-0.2833333333333333,-2.9666666666666663,0.0,0.4666666666666666,0.4666666666666666,0.0,1.0,-0.9979171608653922,-0.06450844944931625,0,1.0,0,0.0,0,LOW
Low Relief,2026-09-27 06:00:00,19.622222222222224,71.44444444444444,0.7333333333333334,19.208333333333332,0.14766666666666664,0.15916666666666668,20.116666666666667,0.9266666666666666,0.0,0.0,1.0333333333333332,0.05000000000000001,20.727777777777778,0.7333333333333334,2.8,2.8833333333333333,0.7333333333333334,76.91666666666667,3.8566666666666665,1.2727397916666665,0.15341666666666665,0.0021111111111110636,0.29658333333333337,0,-1.1055555555555543,-0.19333333333333325,-3.123333333333333,52.39259259259259,1.5999999999999996,1.5999999999999996,1.0,6.123233995736766e-17,-0.9979171608653922,-0.06450844944931625,0,1.0,0,0.0,0,LOW
Low Relief,2026-09-27 12:00:00,22.777777777777782,57.888888888888886,0.08333333333333333,21.811111111111114,0.15155555555555553,0.15902777777777777,26.044444444444448,2.065,0.7333333333333334,0.0,0.0,0.05000000000000001,23.32777777777778,0.8166666666666668,2.8333333333333335,2.9333333333333336,0.7333333333333334,76.91666666666667,3.7199999999999998,0.7066666666666668,0.15529166666666666,0.003888888888888886,0.29470833333333335,0,-0.5499999999999972,-1.9816666666666667,-2.903333333333333,4.8240740740740735,1.583333333333333,1.583333333333333,1.2246467991473532e-16,-1.0,-0.9979171608653922,-0.06450844944931625,0,1.0,0,0.0,0,LOW
Low Relief,2026-09-27 18:00:00,19.775,76.30555555555556,0.16666666666666666,14.394444444444444,0.14441666666666667,0.15924999999999997,22.469444444444445,0.28833333333333333,0.08333333333333333,0.7333333333333334,0.0,0.0,19.666666666666668,0.9833333333333334,3.0,3.1,0.7333333333333334,76.91666666666667,3.5633333333333335,0.7673333333333334,0.15183333333333332,-0.007138888888888861,0.2981666666666667,0,0.10833333333333073,-0.12166666666666667,-2.58,12.717592592592592,1.9833333333333332,1.9833333333333332,-1.0,-1.8369701987210297e-16,-0.9979171608653922,-0.06450844944931625,0,1.0,0,0.0,0,LOW
Low Relief,2026-09-28 00:00:00,18.383333333333336,80.22222222222223,0.06666666666666667,11.138888888888891,0.14572222222222223,0.15941666666666668,19.26666666666667,0.15166666666666667,0.16666666666666666,0.08333333333333333,0.0,0.9833333333333334,18.502777777777776,1.05,2.0833333333333335,3.166666666666667,0.7333333333333334,80.22222222222223,3.431666666666667,0.2685416666666667,0.15256944444444445,0.0013055555555555598,0.29743055555555553,0,-0.11944444444444002,-0.085,-2.381666666666667,5.348148148148148,2.083333333333333,2.083333333333333,0.0,1.0,-0.9988797155850335,-0.04732138832243232,0,1.0,0,0.0,0,LOW
Low Relief,2026-09-28 06:00:00,19.875,69.72222222222223,0.13333333333333333,14.830555555555556,0.14605555555555555,0.1595277777777778,19.96666666666667,0.8616666666666667,0.06666666666666667,0.16666666666666666,0.7333333333333334,1.0333333333333332,19.622222222222224,0.44999999999999996,1.1833333333333333,3.25,0.16666666666666666,80.22222222222223,3.366666666666667,0.6932212500000001,0.15279166666666666,0.0003333333333333244,0.29720833333333335,0,0.25277777777777644,-0.7283333333333334,-2.916666666666667,9.296296296296298,0.7000000000000002,0.7000000000000002,1.0,6.123233995736766e-17,-0.9988797155850335,-0.04732138832243232,0,1.0,0,0.0,0,LOW
Low Relief,2026-09-28 12:00:00,22.169444444444448,57.30555555555555,0.15,17.94722222222222,0.1446111111111111,0.15916666666666665,25.391666666666662,1.8866666666666665,0.13333333333333333,0.06666666666666667,0.08333333333333333,0.0,22.777777777777782,0.5166666666666667,1.3333333333333333,3.35,0.16666666666666666,80.22222222222223,3.1883333333333335,0.35500052083333333,0.15188888888888888,-0.0014444444444444426,0.2981111111111111,0,-0.6083333333333343,-1.7366666666666666,-2.671666666666667,8.595833333333331,0.8000000000000002,0.8000000000000002,1.2246467991473532e-16,-1.0,-0.9988797155850335,-0.04732138832243232,0,1.0,0,0.0,0,LOW
Low Relief,2026-09-28 18:00:00,19.316666666666666,74.47222222222221,0.0,14.316666666666668,0.1416111111111111,0.15886111111111115,21.855555555555558,0.3133333333333333,0.15,0.13333333333333333,0.16666666666666666,0.0,19.775,0.35,1.3333333333333333,3.35,0.15,80.22222222222223,3.2133333333333334,0.310834375,0.15023611111111113,-0.0030000000000000027,0.2997638888888889,0,-0.45833333333333215,-0.3133333333333333,-2.8633333333333333,0.0,0.45,0.45,-1.0,-1.8369701987210297e-16,-0.9988797155850335,-0.04732138832243232,0,1.0,0,0.0,0,LOW
Low Relief,2026-09-29 00:00:00,18.13333333333333,76.16666666666667,0.016666666666666666,13.497222222222222,0.14133333333333334,0.15891666666666668,19.255555555555556,0.24999999999999997,0.0,0.15,0.06666666666666667,0.0,18.383333333333336,0.3,1.3499999999999999,2.3833333333333333,0.15,76.16666666666667,3.3116666666666665,0.15984208333333333,0.150125,-0.0002777777777777657,0.299875,0,-0.2500000000000071,-0.2333333333333333,-3.0116666666666667,1.2694444444444446,0.38333333333333336,0.38333333333333336,0.0,1.0,-0.9995462806873573,-0.03012030484690836,0,1.0,0,0.0,0,LOW
Low Relief,2026-09-29 06:00:00,19.73333333333333,66.22222222222223,0.06666666666666667,16.202777777777776,0.14019444444444443,0.1584722222222222,20.086111111111112,0.9483333333333333,0.016666666666666666,0.0,0.13333333333333333,0.7333333333333334,19.875,0.23333333333333334,0.6833333333333333,1.4166666666666665,0.15,76.16666666666667,3.398333333333333,0.15043416666666665,0.14933333333333332,-0.0011388888888889115,0.3006666666666667,0,-0.14166666666666927,-0.8816666666666666,-3.1649999999999996,4.414814814814815,0.19999999999999998,0.19999999999999998,1.0,6.123233995736766e-17,-0.9995462806873573,-0.03012030484690836,0,1.0,0,0.0,0,LOW
Low Relief,2026-09-29 12:00:00,22.125,53.416666666666664,0.2166666666666667,17.902777777777775,0.139,0.15808333333333333,25.775000000000002,2.035,0.06666666666666667,0.016666666666666666,0.15,0.08333333333333333,22.169444444444448,0.30000000000000004,0.8166666666666668,1.6333333333333333,0.2166666666666667,76.16666666666667,3.546666666666667,0.36367593750000005,0.14854166666666668,-0.0011944444444444147,0.30145833333333333,0,-0.04444444444444784,-1.8183333333333334,-3.246666666666667,11.573611111111113,0.45000000000000007,0.45000000000000007,1.2246467991473532e-16,-1.0,-0.9995462806873573,-0.03012030484690836,0,1.0,0,0.0,0,LOW
Low Relief,2026-09-29 18:00:00,19.03055555555556,71.58333333333333,0.06666666666666667,16.10277777777778,0.1379166666666667,0.1577777777777778,21.727777777777778,0.35000000000000003,0.2166666666666667,0.06666666666666667,0.0,0.16666666666666666,19.316666666666666,0.3666666666666667,0.7166666666666667,1.7,0.2166666666666667,76.16666666666667,3.5833333333333335,0.29900000000000004,0.14784722222222224,-0.001083333333333325,0.30215277777777777,0,-0.2861111111111079,-0.2833333333333334,-3.216666666666667,4.772222222222222,0.5833333333333334,0.5833333333333334,-1.0,-1.8369701987210297e-16,-0.9995462806873573,-0.03012030484690836,0,1.0,0,0.0,0,LOW
Low Relief,2026-09-30 00:00:00,17.81388888888889,74.19444444444444,0.13333333333333333,14.083333333333336,0.13833333333333334,0.15741666666666668,18.791666666666664,0.24499999999999997,0.06666666666666667,0.2166666666666667,0.016666666666666666,0.06666666666666667,18.13333333333333,0.4833333333333334,0.7833333333333333,1.8333333333333333,0.2166666666666667,74.19444444444444,3.5783333333333336,0.35524177083333336,0.147875,0.00041666666666664853,0.302125,0,-0.3194444444444393,-0.11166666666666664,-3.095,9.892592592592592,0.8333333333333334,0.8333333333333334,0.0,1.0,-0.9999166586547379,-0.012910296075008843,0,1.0,0,0.0,0,LOW
Low Relief,2026-09-30 06:00:00,19.394444444444442,69.44444444444444,0.38333333333333336,14.411111111111111,0.14305555555555557,0.15625,19.483333333333334,0.8433333333333334,0.13333333333333333,0.06666666666666667,0.06666666666666667,0.13333333333333333,19.73333333333333,0.8,1.0333333333333334,1.4833333333333334,0.38333333333333336,74.19444444444444,3.4733333333333336,0.5796337500000001,0.1496527777777778,0.004722222222222239,0.3003472222222222,0,-0.3388888888888886,-0.46,-2.673333333333334,26.62037037037037,1.0666666666666667,1.0666666666666667,1.0,6.123233995736766e-17,-0.9999166586547379,-0.012910296075008843,0,1.0,0,0.0,0,LOW
Low Relief,2026-09-30 12:00:00,21.744444444444444,55.19444444444445,0.0,20.813888888888886,0.14119444444444443,0.15619444444444444,24.874999999999996,1.92,0.38333333333333336,0.13333333333333333,0.2166666666666667,0.15,22.125,0.5833333333333334,0.8833333333333333,1.4000000000000001,0.38333333333333336,74.19444444444444,3.3583333333333334,0.5352680208333334,0.14869444444444443,-0.0018611111111111467,0.3013055555555556,0,-0.3805555555555564,-1.92,-2.775,0.0,0.8000000000000002,0.8000000000000002,1.2246467991473532e-16,-1.0,-0.9999166586547379,-0.012910296075008843,0,1.0,0,0.0,0,LOW
Low Relief,2026-09-30 18:00:00,19.11388888888889,70.80555555555556,0.0,19.18888888888889,0.13730555555555554,0.15616666666666665,21.480555555555554,0.38166666666666665,0.0,0.38333333333333336,0.06666666666666667,0.0,19.03055555555556,0.5166666666666667,0.8833333333333333,1.2333333333333334,0.38333333333333336,74.19444444444444,3.39,0.31175875000000003,0.1467361111111111,-0.003888888888888886,0.3032638888888889,0,0.08333333333333215,-0.38166666666666665,-2.8733333333333335,0.0,0.6166666666666668,0.6166666666666668,-1.0,-1.8369701987210297e-16,-0.9999166586547379,-0.012910296075008843,0,1.0,0,0.0,0,LOW
Low Relief,2026-10-01 00:00:00,17.45,76.52777777777779,0.03333333333333333,17.91111111111111,0.13683333333333333,0.15605555555555556,18.686111111111114,0.24666666666666667,0.0,0.0,0.13333333333333333,0.016666666666666666,17.81388888888889,0.4166666666666667,0.9,1.2000000000000002,0.38333333333333336,76.52777777777779,3.3916666666666666,0.10293416666666666,0.14644444444444443,-0.0004722222222222072,0.3035555555555556,0,-0.3638888888888907,-0.21333333333333335,-2.975,2.550925925925926,0.4666666666666667,0.4666666666666667,0.0,1.0,-0.9999907397361901,0.004303538296243821,0,1.0,0,0.0,0,LOW
Low Relief,2026-10-01 06:00:00,18.775000000000002,68.22222222222223,0.4166666666666667,16.719444444444445,0.14055555555555557,0.15583333333333332,18.98611111111111,0.8783333333333333,0.03333333333333333,0.0,0.38333333333333336,0.06666666666666667,19.394444444444442,0.45,1.25,1.4833333333333336,0.4166666666666667,76.52777777777779,3.4266666666666667,0.6451023958333333,0.14819444444444446,0.003722222222222238,0.30180555555555555,0,-0.61944444444444,-0.4616666666666666,-2.9766666666666666,28.42592592592593,1.1500000000000001,1.1500000000000001,1.0,6.123233995736766e-17,-0.9999907397361901,0.004303538296243821,0,1.0,0,0.0,0,LOW
Low Relief,2026-10-01 12:00:00,21.66111111111111,48.944444444444436,0.03333333333333333,18.197222222222223,0.14125000000000001,0.15575,24.90833333333333,2.02,0.4166666666666667,0.03333333333333333,0.0,0.2166666666666667,21.744444444444444,0.48333333333333334,1.0666666666666669,1.3666666666666667,0.4166666666666667,76.52777777777779,3.5266666666666664,0.41158333333333336,0.14850000000000002,0.000694444444444442,0.3015,0,-0.08333333333333215,-1.9866666666666666,-3.043333333333333,1.631481481481481,1.1000000000000003,1.1000000000000003,1.2246467991473532e-16,-1.0,-0.9999907397361901,0.004303538296243821,0,1.0,0,0.0,0,LOW
Low Relief,2026-10-01 18:00:00,19.188888888888886,63.97222222222223,0.0,14.877777777777778,0.14300000000000002,0.15583333333333335,21.29444444444444,0.42500000000000004,0.03333333333333333,0.4166666666666667,0.0,0.06666666666666667,19.11388888888889,0.48333333333333334,1.0000000000000002,1.3666666666666667,0.4166666666666667,76.52777777777779,3.5700000000000003,0.32937500000000003,0.1494166666666667,0.0017500000000000016,0.3005833333333333,0,0.07499999999999574,-0.42500000000000004,-3.086666666666667,0.0,1.1000000000000003,1.1000000000000003,-1.0,-1.8369701987210297e-16,-0.9999907397361901,0.004303538296243821,0,1.0,0,0.0,0,LOW
Low Relief,2026-10-02 00:00:00,17.527777777777775,72.19444444444444,0.0,11.313888888888888,0.1421388888888889,0.15569444444444444,18.28333333333333,0.21833333333333335,0.0,0.03333333333333333,0.03333333333333333,0.13333333333333333,17.45,0.45,0.8666666666666667,1.35,0.4166666666666667,72.19444444444444,3.5416666666666665,0.041483541666666665,0.14891666666666667,-0.000861111111111118,0.30108333333333337,0,0.07777777777777573,-0.21833333333333335,-3.0916666666666663,0.0,0.9666666666666668,0.9666666666666668,0.0,1.0,-0.9997685019798909,0.021516097436222233,0,1.0,0,0.0,0,LOW
Low Relief,2026-10-02 06:00:00,19.380555555555556,62.47222222222222,0.0,12.266666666666666,0.14116666666666666,0.1556388888888889,19.058333333333334,0.9533333333333333,0.0,0.0,0.4166666666666667,0.38333333333333336,18.775000000000002,0.03333333333333333,0.48333333333333334,1.2833333333333334,0.03333333333333333,72.19444444444444,3.6166666666666667,0.21750260416666667,0.14840277777777777,-0.0009722222222222354,0.30159722222222224,0,0.6055555555555543,-0.9533333333333333,-3.5833333333333335,0.0,0.03333333333333333,0.03333333333333333,1.0,6.123233995736766e-17,-0.9997685019798909,0.021516097436222233,0,1.0,0,0.0,0,LOW
Low Relief,2026-10-02 12:00:00,22.038888888888888,53.94444444444445,0.11666666666666665,17.091666666666672,0.13908333333333334,0.156,25.38333333333333,1.9783333333333333,0.0,0.0,0.03333333333333333,0.0,21.66111111111111,0.11666666666666665,0.6,1.1833333333333336,0.11666666666666665,72.19444444444444,3.575,0.13406687499999997,0.14754166666666668,-0.002083333333333326,0.30245833333333333,0,0.37777777777777644,-1.8616666666666666,-3.4583333333333335,6.2935185185185185,0.0,0.0,1.2246467991473532e-16,-1.0,-0.9997685019798909,0.021516097436222233,0,1.0,0,0.0,0,LOW
Low Relief,2026-10-02 18:00:00,19.519444444444442,68.33333333333333,0.0,12.566666666666668,0.13719444444444445,0.15666666666666668,21.630555555555556,0.355,0.11666666666666665,0.0,0.0,0.0,19.188888888888886,0.11666666666666665,0.6,1.116666666666667,0.11666666666666665,72.19444444444444,3.505,0.09916666666666665,0.14693055555555556,-0.0018888888888888844,0.30306944444444445,0,0.3305555555555557,-0.355,-3.388333333333333,0.0,0.0,0.0,-1.0,-1.8369701987210297e-16,-0.9997685019798909,0.021516097436222233,0,1.0,0,0.0,0,LOW
Low Relief,2026-10-03 00:00:00,18.88888888888889,73.8611111111111,0.0,11.75,0.13686111111111113,0.15666666666666668,18.944444444444443,0.22833333333333336,0.0,0.11666666666666665,0.0,0.03333333333333333,17.527777777777775,0.11666666666666665,0.5666666666666667,0.9833333333333334,0.11666666666666665,73.8611111111111,3.515,0.08429166666666667,0.14676388888888892,-0.0003333333333333244,0.3032361111111111,0,1.3611111111111143,-0.22833333333333336,-3.3983333333333334,0.0,0.05000000000000001,0.05000000000000001,0.0,1.0,-0.9992500112396835,0.03872228089217399,0,1.0,0,0.0,0,LOW
Low Relief,2026-10-03 06:00:00,20.222222222222218,68.52777777777779,0.19999999999999998,13.183333333333332,0.13708333333333336,0.15666666666666668,19.958333333333332,0.875,0.0,0.0,0.0,0.4166666666666667,19.380555555555556,0.31666666666666665,0.35,0.7999999999999999,0.19999999999999998,73.8611111111111,3.4366666666666665,0.19999999999999998,0.14687500000000003,0.00022222222222223476,0.303125,0,0.8416666666666615,-0.675,-3.12,13.705555555555556,0.4166666666666667,0.4166666666666667,1.0,6.123233995736766e-17,-0.9992500112396835,0.03872228089217399,0,1.0,0,0.0,0,LOW
Low Relief,2026-10-03 12:00:00,23.063888888888886,56.58333333333334,0.03333333333333333,13.855555555555556,0.13547222222222224,0.1563888888888889,26.225000000000005,1.8999999999999997,0.19999999999999998,0.0,0.11666666666666665,0.03333333333333333,22.038888888888888,0.2333333333333333,0.35,0.8333333333333333,0.19999999999999998,73.8611111111111,3.3583333333333334,0.2642340625,0.14593055555555556,-0.0016111111111111187,0.30406944444444445,0,1.0249999999999986,-1.8666666666666663,-3.125,1.8861111111111113,0.5333333333333333,0.5333333333333333,1.2246467991473532e-16,-1.0,-0.9992500112396835,0.03872228089217399,0,1.0,0,0.0,0,LOW
Low Relief,2026-10-03 18:00:00,20.141666666666666,72.38888888888889,0.5166666666666667,13.441666666666665,0.13705555555555554,0.1562777777777778,22.37222222222222,0.3233333333333333,0.03333333333333333,0.19999999999999998,0.0,0.0,19.519444444444442,0.75,0.8666666666666667,1.35,0.5166666666666667,73.8611111111111,3.326666666666666,0.6895,0.14666666666666667,0.0015833333333332977,0.30333333333333334,0,0.6222222222222236,0.1933333333333334,-2.576666666666666,37.400925925925925,0.75,0.75,-1.0,-1.8369701987210297e-16,-0.9992500112396835,0.03872228089217399,0,1.0,0,0.0008316008374094963,0,LOW
Low Relief,2026-10-04 00:00:00,18.29722222222222,78.30555555555556,0.5666666666666668,13.761111111111111,0.14683333333333334,0.1562777777777778,19.21388888888889,0.2166666666666667,0.5166666666666667,0.03333333333333333,0.0,0.0,18.88888888888889,1.3166666666666669,1.4333333333333336,1.8833333333333333,0.5666666666666668,78.30555555555556,3.3149999999999995,1.0299166666666666,0.15155555555555555,0.009777777777777802,0.29844444444444446,0,-0.5916666666666686,0.3500000000000001,-1.9983333333333326,44.373148148148154,1.05,1.05,0.0,1.0,-0.9984354211555643,0.05591699010060302,0,1.0,0,0.0008316008374094963,0,LOW
Low Relief,2026-10-04 06:00:00,20.23611111111111,66.05555555555556,0.0,17.51388888888889,0.1446111111111111,0.15583333333333335,19.891666666666666,0.9666666666666668,0.5666666666666668,0.5166666666666667,0.19999999999999998,0.0,20.222222222222218,1.1166666666666667,1.4333333333333336,1.4666666666666668,0.5666666666666668,78.30555555555556,3.4066666666666667,0.9593595833333335,0.15022222222222223,-0.0022222222222222365,0.2997777777777778,0,0.013888888888892836,-0.9666666666666668,-2.29,0.0,0.6833333333333333,0.6833333333333333,1.0,6.123233995736766e-17,-0.9984354211555643,0.05591699010060302,0,1.0,0,0.0,0,LOW
Low Relief,2026-10-04 12:00:00,22.311111111111114,56.38888888888889,0.0,21.619444444444444,0.1415,0.1557777777777778,25.508333333333336,1.9650000000000005,0.0,0.5666666666666668,0.03333333333333333,0.11666666666666665,23.063888888888886,1.0833333333333335,1.3166666666666669,1.4333333333333336,0.5666666666666668,78.30555555555556,3.4716666666666676,0.4268168750000001,0.14863888888888888,-0.00311111111111112,0.30136111111111114,0,-0.7527777777777729,-1.9650000000000005,-2.388333333333334,0.0,0.5666666666666667,0.5666666666666667,1.2246467991473532e-16,-1.0,-0.9984354211555643,0.05591699010060302,0,1.0,0,0.0,0,LOW
Low Relief,2026-10-04 18:00:00,19.572222222222223,69.97222222222221,0.10000000000000002,18.511111111111113,0.1396388888888889,0.15583333333333335,21.838888888888885,0.4033333333333334,0.0,0.0,0.5166666666666667,0.0,20.141666666666666,0.6666666666666667,1.416666666666667,1.5333333333333337,0.5666666666666668,78.30555555555556,3.5516666666666676,0.3697032291666667,0.14773611111111112,-0.0018611111111110912,0.3022638888888889,0,-0.5694444444444429,-0.30333333333333334,-2.8850000000000007,6.997222222222223,1.5166666666666668,1.5166666666666668,-1.0,-1.8369701987210297e-16,-0.9984354211555643,0.05591699010060302,0,1.0,0,0.0,0,LOW
Low Relief,2026-10-05 00:00:00,18.030555555555555,74.25,0.38333333333333336,17.247222222222224,0.14533333333333334,0.15588888888888888,18.522222222222222,0.31333333333333335,0.10000000000000002,0.0,0.5666666666666668,0.0,18.29722222222222,0.4833333333333334,1.8000000000000003,1.916666666666667,0.38333333333333336,74.25,3.6483333333333343,0.7641368750000002,0.1506111111111111,0.005694444444444446,0.2993888888888889,0,-0.2666666666666657,0.07,-3.165000000000001,28.462500000000002,1.3166666666666667,1.3166666666666667,0.0,1.0,-0.9973249731081555,0.07309512989807776,0,1.0,0,0.0008316008374094963,0,LOW
Low Relief,2026-10-05 06:00:00,19.25,66.36111111111111,0.18333333333333335,19.280555555555555,0.14925000000000002,0.15605555555555556,18.98611111111111,0.8916666666666666,0.38333333333333336,0.10000000000000002,0.0,0.19999999999999998,20.23611111111111,0.6666666666666667,1.7833333333333334,2.1000000000000005,0.38333333333333336,74.25,3.573333333333334,0.5814166666666668,0.1526527777777778,0.003916666666666679,0.2973472222222222,0,-0.9861111111111107,-0.7083333333333333,-2.906666666666667,12.166203703703705,1.65,1.65,1.0,6.123233995736766e-17,-0.9973249731081555,0.07309512989807776,0,1.0,0,0.0,0,LOW
Low Relief,2026-10-05 12:00:00,22.155555555555555,53.94444444444445,0.016666666666666666,19.75,0.14727777777777779,0.1557777777777778,24.675,1.88,0.18333333333333335,0.38333333333333336,0.0,0.03333333333333333,22.311111111111114,0.6833333333333335,1.7666666666666668,2.0000000000000004,0.38333333333333336,74.25,3.4883333333333333,0.4494583333333334,0.1515277777777778,-0.0019722222222222363,0.29847222222222225,0,-0.15555555555555856,-1.8633333333333333,-2.8049999999999997,0.8990740740740741,1.6833333333333333,1.6833333333333333,1.2246467991473532e-16,-1.0,-0.9973249731081555,0.07309512989807776,0,1.0,0,0.0,0,LOW
Low Relief,2026-10-05 18:00:00,19.530555555555555,69.49999999999999,0.05000000000000001,15.575000000000003,0.1444722222222222,0.1555,21.40833333333333,0.35333333333333333,0.016666666666666666,0.18333333333333335,0.10000000000000002,0.5166666666666667,19.572222222222223,0.6333333333333334,1.3,2.0500000000000003,0.38333333333333336,74.25,3.4383333333333335,0.24882562500000002,0.1499861111111111,-0.002805555555555589,0.3000138888888889,0,-0.04166666666666785,-0.30333333333333334,-2.805,3.475,0.5666666666666667,0.5666666666666667,-1.0,-1.8369701987210297e-16,-0.9973249731081555,0.07309512989807776,0,1.0,0,0.0,0,LOW
Low Relief,2026-10-06 00:00:00,17.900000000000002,75.58333333333333,0.11666666666666665,15.847222222222221,0.1441388888888889,0.15544444444444447,18.622222222222224,0.2383333333333333,0.05000000000000001,0.016666666666666666,0.38333333333333336,0.5666666666666668,18.030555555555555,0.36666666666666664,0.8500000000000002,2.166666666666667,0.18333333333333335,75.58333333333333,3.3633333333333333,0.3713107291666667,0.14979166666666668,-0.0003333333333332966,0.3002083333333333,0,-0.13055555555555287,-0.12166666666666666,-2.9966666666666666,8.818055555555555,0.5166666666666666,0.5166666666666666,0.0,1.0,-0.9959189961471792,0.0902516100310407,0,1.0,0,0.0,0,LOW
Low Relief,2026-10-06 06:00:00,19.133333333333333,70.05555555555554,2.283333333333333,17.622222222222224,0.16380555555555554,0.1555277777777778,19.030555555555555,0.8116666666666666,0.11666666666666665,0.05000000000000001,0.18333333333333335,0.0,19.25,2.466666666666667,3.1333333333333333,4.25,2.283333333333333,75.58333333333333,3.283333333333333,2.5143261458333335,0.15966666666666668,0.019666666666666638,0.29033333333333333,0,-0.11666666666666714,1.4716666666666667,-0.8166666666666664,159.96018518518514,3.0999999999999996,3.0999999999999996,1.0,6.123233995736766e-17,-0.9959189961471792,0.0902516100310407,0,1.0,0,0.0009756096638739109,0,LOW
Low Relief,2026-10-06 12:00:00,21.141666666666666,57.47222222222222,0.19999999999999998,22.03611111111111,0.16966666666666666,0.15572222222222223,23.572222222222223,1.715,2.283333333333333,0.11666666666666665,0.016666666666666666,0.0,22.155555555555555,2.65,3.3333333333333335,4.416666666666667,2.283333333333333,75.58333333333333,3.118333333333333,2.2338251041666664,0.16269444444444445,0.0058611111111111225,0.2873055555555556,0,-1.0138888888888893,-1.5150000000000001,-0.46833333333333327,11.494444444444444,3.3166666666666664,3.3166666666666664,1.2246467991473532e-16,-1.0,-0.9959189961471792,0.0902516100310407,0,1.0,0,0.0,0,LOW
Low Relief,2026-10-06 18:00:00,18.41111111111111,72.38888888888889,0.0,22.308333333333337,0.15680555555555556,0.15550000000000003,20.438888888888886,0.3733333333333333,0.19999999999999998,2.283333333333333,0.05000000000000001,0.10000000000000002,19.530555555555555,2.6,3.2333333333333334,3.9000000000000004,2.283333333333333,75.58333333333333,3.1383333333333336,1.8458086458333334,0.1561527777777778,-0.012861111111111101,0.2938472222222222,0,-1.1194444444444436,-0.3733333333333333,-0.5383333333333336,0.0,3.2666666666666666,3.2666666666666666,-1.0,-1.8369701987210297e-16,-0.9959189961471792,0.0902516100310407,0,1.0,0,0.0,0,LOW
Low Relief,2026-10-07 00:00:00,17.52777777777778,74.91666666666667,0.0,19.708333333333332,0.15555555555555559,0.1553888888888889,18.05,0.26833333333333337,0.0,0.19999999999999998,0.11666666666666665,0.38333333333333336,17.900000000000002,2.4833333333333334,2.85,3.3333333333333335,2.283333333333333,74.91666666666667,3.168333333333334,0.20540072916666666,0.15547222222222223,-0.0012499999999999734,0.2945277777777778,0,-0.37222222222222356,-0.26833333333333337,-0.6850000000000005,0.0,3.1666666666666665,3.1666666666666665,0.0,1.0,-0.994217906893952,0.10738134666416306,0,1.0,0,0.0,0,LOW
